account_number,account_holder,ifsc_code,Date,Time,Narration,Transaction_ID,Reference_Number,Transaction_Reference,Cheque_Number,Debit,Credit,Balance,Transaction_Type,Bank_Name,txn_id,duplicate_of,is_reversed
21081385298452,SHIV LAL BISHNOI,UTIB0320972,08/01/2025,,MB NEFT/UTIBN2501082595574/Shree Kris/Shree Krishna Mobile/,,UTIBN2501082595574,UTIBN2501082595574,,0.0,61786.0,961786.0,credit,Axis Bank,21081385298452_000000,,False
76469732163180,Anjali Sunita,BARB0508103,08/01/2025,,DIGITA-MUMBAI/ NEFT-BARBN2501087266801-Rg Enterprise,,BARBN2501087266801,BARBN2501087266801,,0.0,51733.0,329554.0,credit,Bank of Baroda,76469732163180_000000,,False
21081385298452,SHIV LAL BISHNOI,UTIB0320972,09/01/2025,,UPI:PAY:549606637266/Pharmacy          /Bank of Ma/PHARMACY,,,549606637266,,3790.0,0.0,957996.0,debit,Axis Bank,21081385298452_000001,,False
52401335283,Rekha Yadav,MAHB0207246,09/01/2025,,UPI/322963398115/DR/JIO/SBIN/jio.mobile@ibl@sbin0924833.ifsc.npci/UPI,,,322963398115,,2091.0,0.0,174730.0,debit,Bank of Maharashtra,52401335283_000000,,False
76469732163180,Anjali Sunita,BARB0508103,09/01/2025,09:55:12,UPI/913317230530/08:57:27/UPI/medplus@ybl@cnrb0132774.ifsc.npci/Payment/PHARMACY,,,913317230530,,2363.0,0.0,327191.0,debit,Bank of Baroda,76469732163180_000001,,False
52401335283,Rekha Yadav,MAHB0207246,10/01/2025,,Apex Commerce Enterprise MAHBN2501101356389 - 9008-NEFT/ RTGS CELL ICIC0872381 693194989588,,MAHBN2501101356389,MAHBN2501101356389,,0.0,52361.0,227091.0,credit,Bank of Maharashtra,52401335283_000001,,False
6874988816602204,AISHWARYA MEHTA,PUNB0194660,10/01/2025,,UPI/545627943074/P2A/bescom.bill@upi@hdfc0282114.ifsc.npci/Bescom CDCI CDCI/BESCOM,,,545627943074,,1300.0,0.0,326021.0,debit,Punjab National Bank,6874988816602204_000000,,False
51703956546,BHAVANA RAO,IDFB0462312,11/01/2025,,NEFT/IDFBN2501112623244/NORTHERN TRADERS COMPANY/IDFB0801555,,IDFBN2501112623244,IDFBN2501112623244,,0.0,69443.0,409443.0,credit,IDFC FIRST Bank,51703956546_000000,,False
6874988816602204,AISHWARYA MEHTA,PUNB0194660,11/01/2025,,NEFT/PUNBN2501113553664/Apex Commerce Enterprise CDCI CDCI,,PUNBN2501113553664,PUNBN2501113553664,,0.0,72812.0,398833.0,credit,Punjab National Bank,6874988816602204_000001,,False
6874988816602204,AISHWARYA MEHTA,PUNB0194660,11/01/2025,,NACH DR-6741521200-ICICI BANK EMI-602204,,,,,7500.0,0.0,391333.0,debit,Punjab National Bank,6874988816602204_000002,,False
51703956546,BHAVANA RAO,IDFB0462312,11/01/2025,08:04:07,UPI/MOB/012766077751/Pay request to Bescom/bescom.bill@upi@mahb0501848.ifsc.npci/BESCOM,,,012766077751,,3637.0,0.0,405806.0,debit,IDFC FIRST Bank,51703956546_000001,,False
21081385298452,SHIV LAL BISHNOI,UTIB0320972,12/01/2025,,UPI:PAY:238394939101/Dmart             /HDFC Bank/DMART,,,238394939101,,948.0,0.0,957048.0,debit,Axis Bank,21081385298452_000002,,False
76469732163180,Anjali Sunita,BARB0508103,12/01/2025,,UPI/591721388054/10:13:33/UPI/airtel.recharge@airtel@cnrb0806795.ifsc.npci/Payment/AIRTEL,,,591721388054,,1982.0,0.0,325209.0,debit,Bank of Baroda,76469732163180_000002,,False
52401335283,Rekha Yadav,MAHB0207246,12/01/2025,15:15:19,UPI/913718138989/DR/DMART/PUNB/dmart.pay@okaxis@punb0335663.ifsc.npci/UPI,,,913718138989,,742.0,0.0,226349.0,debit,Bank of Maharashtra,52401335283_000002,,False
21081385298452,SHIV LAL BISHNOI,UTIB0320972,13/01/2025,,UPI:PAY:914149435054/Pharmacy          /HDFC Bank/PHARMACY,,,914149435054,,1694.0,0.0,955354.0,debit,Axis Bank,21081385298452_000003,,False
6874988816602204,AISHWARYA MEHTA,PUNB0194660,13/01/2025,,UPI/718540885331/P2A/medplus@ybl@punb0711913.ifsc.npci/PHARMACY CDCI CDCI,,,718540885331,,1260.0,0.0,390073.0,debit,Punjab National Bank,6874988816602204_000003,,False
51703956546,BHAVANA RAO,IDFB0462312,14/01/2025,,UPI/MOB/444891188981/Pay request to Dmart/dmart.pay@okaxis@hdfc0908127.ifsc.npci/DMART,,,444891188981,,2210.0,0.0,403596.0,debit,IDFC FIRST Bank,51703956546_000002,,False
52401335283,Rekha Yadav,MAHB0207246,14/01/2025,,UPI/736361904540/DR/BIGBASKET/PUNB/bbdaily@okhdfcbank@punb0836277.ifsc.npci/UPI,,,736361904540,,1276.0,0.0,225073.0,debit,Bank of Maharashtra,52401335283_000003,,False
6874988816602204,AISHWARYA MEHTA,PUNB0194660,14/01/2025,,UPI/243693390737/P2A/medplus@ybl@idfb0145717.ifsc.npci/PHARMACY CDCI CDCI,,,243693390737,,1932.0,0.0,388141.0,debit,Punjab National Bank,6874988816602204_000004,,False
76469732163180,Anjali Sunita,BARB0508103,14/01/2025,,UPI/446742895525/13:57:14/UPI/dmart.pay@okaxis@fdrl0650652.ifsc.npci/Payment/DMART,,,446742895525,,3642.0,0.0,321567.0,debit,Bank of Baroda,76469732163180_000003,,False
52401335283,Rekha Yadav,MAHB0207246,16/01/2025,,UPI/475721955323/DR/PHARMACY/BARB/medplus@ybl@barb0881116.ifsc.npci/UPI,,,475721955323,,1287.0,0.0,223786.0,debit,Bank of Maharashtra,52401335283_000004,,False
6874988816602204,AISHWARYA MEHTA,PUNB0194660,16/01/2025,,ATM WDR 8288 PNB \PNB PUNE \ PUNE CDCI CDCI,,,,,5000.0,0.0,383141.0,debit,Punjab National Bank,6874988816602204_000005,,False
76469732163180,Anjali Sunita,BARB0508103,16/01/2025,,UPI/649825669518/12:18:51/UPI/jio.mobile@ibl@idfb0517470.ifsc.npci/Payment/JIO,,,649825669518,,1041.0,0.0,320526.0,debit,Bank of Baroda,76469732163180_000004,,False
21081385298452,SHIV LAL BISHNOI,UTIB0320972,16/01/2025,09:15:37,UPI:PAY:105958418408/IRCTC             /Axis Bank,,,105958418408,,3299.0,0.0,952055.0,debit,Axis Bank,21081385298452_000004,,False
76469732163180,Anjali Sunita,BARB0508103,17/01/2025,,UPI/354576271455/11:20:25/UPI/medplus@ybl@sbin0283222.ifsc.npci/Payment/PHARMACY,,,354576271455,,809.0,0.0,319717.0,debit,Bank of Baroda,76469732163180_000005,,False
51703956546,BHAVANA RAO,IDFB0462312,17/01/2025,20:19:05,UPI/MOB/068936568008/Pay request to Irctc/irctc.pay@axisbank@icic0831699.ifsc.npci/IRCTC,,,068936568008,,559.0,0.0,403037.0,debit,IDFC FIRST Bank,51703956546_000003,,False
52401335283,Rekha Yadav,MAHB0207246,18/01/2025,18:27:59,NACH DR-4610500266-ICICI BANK EMI-335283,,,,,21400.0,0.0,202386.0,debit,Bank of Maharashtra,52401335283_000005,,False
21081385298452,SHIV LAL BISHNOI,UTIB0320972,19/01/2025,,UPI:PAY:101718718075/Irctc             /Federal Ba/IRCTC,,,101718718075,,3470.0,0.0,948585.0,debit,Axis Bank,21081385298452_000005,,False
6874988816602204,AISHWARYA MEHTA,PUNB0194660,19/01/2025,15:35:51,UPI/853090174942/P2A/airtel.recharge@airtel@idfb0240162.ifsc.npci/AIRTEL CDCI CDCI,,,853090174942,,1919.0,0.0,381222.0,debit,Punjab National Bank,6874988816602204_000006,,False
51703956546,BHAVANA RAO,IDFB0462312,20/01/2025,,UPI/MOB/931881060613/Pay request to Bescom/bescom.bill@upi@hdfc0758864.ifsc.npci/BESCOM,,,931881060613,,2221.0,0.0,400816.0,debit,IDFC FIRST Bank,51703956546_000004,,False
76469732163180,Anjali Sunita,BARB0508103,20/01/2025,,UPI/908623787013/17:49:04/UPI/irctc.pay@axisbank@barb0942952.ifsc.npci/Payment/IRCTC,,,908623787013,,1849.0,0.0,317868.0,debit,Bank of Baroda,76469732163180_000006,,False
52401335283,Rekha Yadav,MAHB0207246,21/01/2025,,UPI/787827786671/DR/JIO/KKBK/jio.mobile@ibl@kkbk0132015.ifsc.npci/UPI,,,787827786671,,1367.0,0.0,201019.0,debit,Bank of Maharashtra,52401335283_000006,,False
76469732163180,Anjali Sunita,BARB0508103,21/01/2025,,UPI/820394777975/17:01:26/UPI/irctc.pay@axisbank@cnrb0688923.ifsc.npci/Payment/IRCTC,,,820394777975,,2708.0,0.0,315160.0,debit,Bank of Baroda,76469732163180_000007,,False
21081385298452,SHIV LAL BISHNOI,UTIB0320972,22/01/2025,,NFSCWD ATM 6NJAIPUR/293668298783/21:42:57/JAIPUR,,,,,5000.0,0.0,943585.0,debit,Axis Bank,21081385298452_000006,,False
6874988816602204,AISHWARYA MEHTA,PUNB0194660,22/01/2025,,UPI/480949228582/P2A/dmart.pay@okaxis@kkbk0836996.ifsc.npci/DMART CDCI CDCI,,,480949228582,,461.0,0.0,380761.0,debit,Punjab National Bank,6874988816602204_000007,,False
52401335283,Rekha Yadav,MAHB0207246,22/01/2025,11:42:33,UPI/498279135890/DR/BIGBASKET/SBIN/bbdaily@okhdfcbank@sbin0816703.ifsc.npci/UPI,,,498279135890,,1625.0,0.0,199394.0,debit,Bank of Maharashtra,52401335283_000007,,False
51703956546,BHAVANA RAO,IDFB0462312,22/01/2025,19:30:20,UPI/MOB/406696812431/Pay request to IRCTC/irctc.pay@axisbank@sbin0777818.ifsc.npci,,,406696812431,,2424.0,0.0,398392.0,debit,IDFC FIRST Bank,51703956546_000005,,False
51703956546,BHAVANA RAO,IDFB0462312,23/01/2025,,UPI/MOB/572411570683/Pay request to AIRTEL/airtel.recharge@airtel@idib0620507.ifsc.npci,,,572411570683,,2568.0,0.0,395824.0,debit,IDFC FIRST Bank,51703956546_000006,,False
21081385298452,SHIV LAL BISHNOI,UTIB0320972,24/01/2025,,UPI:PAY:278555403074/DMART             /Axis Bank,,,278555403074,,3815.0,0.0,939770.0,debit,Axis Bank,21081385298452_000007,,False
51703956546,BHAVANA RAO,IDFB0462312,24/01/2025,,UPI/MOB/684683696921/Pay request to BIGBASKET/bbdaily@okhdfcbank@idib0398629.ifsc.npci,,,684683696921,,1655.0,0.0,394169.0,debit,IDFC FIRST Bank,51703956546_000007,,False
76469732163180,Anjali Sunita,BARB0508103,24/01/2025,,UPI/533458320273/12:35:57/UPI/fuelpay@ybl@cnrb0796815.ifsc.npci/Payment/INDIANOIL,,,533458320273,,1954.0,0.0,313206.0,debit,Bank of Baroda,76469732163180_000008,,False
6874988816602204,AISHWARYA MEHTA,PUNB0194660,25/01/2025,,UPI/597543312768/P2A/medplus@ybl@mahb0898368.ifsc.npci/Pharmacy CDCI CDCI/PHARMACY,,,597543312768,,2100.0,0.0,378661.0,debit,Punjab National Bank,6874988816602204_000008,,False
52401335283,Rekha Yadav,MAHB0207246,25/01/2025,17:12:57,UPI/698645820831/DR/BESCOM/FDRL/bescom.bill@upi@fdrl0788165.ifsc.npci/UPI,,,698645820831,,3348.0,0.0,196046.0,debit,Bank of Maharashtra,52401335283_000008,,False
6874988816602204,AISHWARYA MEHTA,PUNB0194660,26/01/2025,,UPI/388415660441/P2A/airtel.recharge@airtel@fdrl0431705.ifsc.npci/Airtel CDCI CDCI/AIRTEL,,,388415660441,,4319.0,0.0,374342.0,debit,Punjab National Bank,6874988816602204_000009,,False
21081385298452,SHIV LAL BISHNOI,UTIB0320972,27/01/2025,,ECSRTNCHGS270125_SR345914867GST,,,,,18.0,0.0,939752.0,debit,Axis Bank,21081385298452_000008,,False
51703956546,BHAVANA RAO,IDFB0462312,27/01/2025,,UPI/MOB/397310331937/Pay request to Irctc/irctc.pay@axisbank@icic0767138.ifsc.npci/IRCTC,,,397310331937,,4461.0,0.0,389708.0,debit,IDFC FIRST Bank,51703956546_000008,,False
52401335283,Rekha Yadav,MAHB0207246,27/01/2025,,CWDR/925494755304/27-01-2025 16:42:34/CMN,,,,,5000.0,0.0,191046.0,debit,Bank of Maharashtra,52401335283_000009,,False
76469732163180,Anjali Sunita,BARB0508103,27/01/2025,13:38:22,CWDR/357496986015/27-01-2025 19:34:11/CMN,,,,,10000.0,0.0,303206.0,debit,Bank of Baroda,76469732163180_000009,,False
21081385298452,SHIV LAL BISHNOI,UTIB0320972,28/01/2025,,NFSCWD ATM 6NPUNE/509542289232/22:00:04/PUNE,,,,,8000.0,0.0,931752.0,debit,Axis Bank,21081385298452_000009,,False
51703956546,BHAVANA RAO,IDFB0462312,28/01/2025,,UPI/MOB/118670182163/Pay request to INDIANOIL/fuelpay@ybl@sbin0355951.ifsc.npci,,,118670182163,,1256.0,0.0,388452.0,debit,IDFC FIRST Bank,51703956546_000009,,False
52401335283,Rekha Yadav,MAHB0207246,28/01/2025,,UPI/593421729305/DR/BIGBASKET/IDIB/bbdaily@okhdfcbank@idib0369953.ifsc.npci/UPI,,,593421729305,,2908.0,0.0,188138.0,debit,Bank of Maharashtra,52401335283_000010,,False
6874988816602204,AISHWARYA MEHTA,PUNB0194660,28/01/2025,,MAB CHARGES,,,,,29.0,0.0,374313.0,debit,Punjab National Bank,6874988816602204_000010,,False
21081385298452,SHIV LAL BISHNOI,UTIB0320972,29/01/2025,,UPI:PAY:292272709355/AIRTEL            /Punjab Nat,,,292272709355,,4102.0,0.0,927650.0,debit,Axis Bank,21081385298452_000010,,False
52401335283,Rekha Yadav,MAHB0207246,29/01/2025,,UPI/931430534318/DR/IRCTC/IDIB/irctc.pay@axisbank@idib0277425.ifsc.npci/UPI,,,931430534318,,1983.0,0.0,186155.0,debit,Bank of Maharashtra,52401335283_000011,,False
6874988816602204,AISHWARYA MEHTA,PUNB0194660,29/01/2025,,UPI/993928357498/P2A/bescom.bill@upi@cnrb0302966.ifsc.npci/BESCOM CDCI CDCI,,,993928357498,,2080.0,0.0,372233.0,debit,Punjab National Bank,6874988816602204_000011,,False
76469732163180,Anjali Sunita,BARB0508103,29/01/2025,19:38:54,UPI/735802770446/09:19:37/UPI/irctc.pay@axisbank@mahb0994856.ifsc.npci/Payment/IRCTC,,,735802770446,,3121.0,0.0,300085.0,debit,Bank of Baroda,76469732163180_000010,,False
51703956546,BHAVANA RAO,IDFB0462312,30/01/2025,,UPI/MOB/703643266070/Pay request to AIRTEL/airtel.recharge@airtel@sbin0593702.ifsc.npci,,,703643266070,,2219.0,0.0,386233.0,debit,IDFC FIRST Bank,51703956546_000010,,False
52401335283,Rekha Yadav,MAHB0207246,30/01/2025,,UPI/433442748129/DR/DMART/ICIC/dmart.pay@okaxis@icic0717345.ifsc.npci/UPI,,,433442748129,,1006.0,0.0,185149.0,debit,Bank of Maharashtra,52401335283_000012,,False
6874988816602204,AISHWARYA MEHTA,PUNB0194660,30/01/2025,,UPI/572592393149/P2A/dmart.pay@okaxis@sbin0588334.ifsc.npci/DMART CDCI CDCI,,,572592393149,,2145.0,0.0,370088.0,debit,Punjab National Bank,6874988816602204_000012,,False
76469732163180,Anjali Sunita,BARB0508103,30/01/2025,,SMS ALERT CHARGES NEW,,,,,59.0,0.0,300026.0,debit,Bank of Baroda,76469732163180_000011,,False
21081385298452,SHIV LAL BISHNOI,UTIB0320972,31/01/2025,,UPI:PAY:108211753973/IRCTC             /Kotak Mahi,,,108211753973,,4190.0,0.0,923460.0,debit,Axis Bank,21081385298452_000011,,False
52401335283,Rekha Yadav,MAHB0207246,31/01/2025,,UPI/873189219173/DR/BESCOM/FDRL/bescom.bill@upi@fdrl0545196.ifsc.npci/UPI,,,873189219173,,4210.0,0.0,180939.0,debit,Bank of Maharashtra,52401335283_000013,,False
21081385298452,SHIV LAL BISHNOI,UTIB0320972,01/02/2025,,UPI:PAY:449842758056/Dmart             /Bank of Ba/DMART,,,449842758056,,2851.0,0.0,920609.0,debit,Axis Bank,21081385298452_000012,,False
6874988816602204,AISHWARYA MEHTA,PUNB0194660,01/02/2025,,NACH DR-6560122336-ICICI BANK EMI-602204,,,,,7500.0,0.0,362588.0,debit,Punjab National Bank,6874988816602204_000013,,False
21081385298452,SHIV LAL BISHNOI,UTIB0320972,02/02/2025,,UPI:PAY:354899601435/Bigbasket         /Bank of Ba/BIGBASKET,,,354899601435,,2877.0,0.0,917732.0,debit,Axis Bank,21081385298452_000013,,False
52401335283,Rekha Yadav,MAHB0207246,02/02/2025,,SMS ALERT CHARGES NEW,,,,,29.0,0.0,180910.0,debit,Bank of Maharashtra,52401335283_000014,,False
76469732163180,Anjali Sunita,BARB0508103,02/02/2025,,UPI/335220058664/11:49:02/UPI/bescom.bill@upi@idfb0881423.ifsc.npci/Payment/BESCOM,,,335220058664,,427.0,0.0,299599.0,debit,Bank of Baroda,76469732163180_000012,,False
51703956546,BHAVANA RAO,IDFB0462312,02/02/2025,18:02:49,UPI/MOB/805273425534/Pay request to JIO/jio.mobile@ibl@idib0899208.ifsc.npci,,,805273425534,,4375.0,0.0,381858.0,debit,IDFC FIRST Bank,51703956546_000011,,False
21081385298452,SHIV LAL BISHNOI,UTIB0320972,03/02/2025,,UPI:PAY:156165714451/PHARMACY          /Punjab Nat,,,156165714451,,2359.0,0.0,915373.0,debit,Axis Bank,21081385298452_000014,,False
51703956546,BHAVANA RAO,IDFB0462312,03/02/2025,,ATM-NFS/CASH WITHDRAWAL/PUNE BRANCH ATM PUNE IN/235074263949/SELF,,,,,5000.0,0.0,376858.0,debit,IDFC FIRST Bank,51703956546_000012,,False
6874988816602204,AISHWARYA MEHTA,PUNB0194660,03/02/2025,,UPI/779580750016/P2A/jio.mobile@ibl@sbin0925161.ifsc.npci/JIO CDCI CDCI,,,779580750016,,2870.0,0.0,359718.0,debit,Punjab National Bank,6874988816602204_000014,,False
76469732163180,Anjali Sunita,BARB0508103,03/02/2025,,UPI/231170553812/18:01:53/UPI/medplus@ybl@idib0448310.ifsc.npci/Payment/PHARMACY,,,231170553812,,3198.0,0.0,296401.0,debit,Bank of Baroda,76469732163180_000013,,False
51703956546,BHAVANA RAO,IDFB0462312,04/02/2025,,UPI/MOB/929707147751/Pay request to Bescom/bescom.bill@upi@barb0929344.ifsc.npci/BESCOM,,,929707147751,,3995.0,0.0,372863.0,debit,IDFC FIRST Bank,51703956546_000013,,False
6874988816602204,AISHWARYA MEHTA,PUNB0194660,04/02/2025,,UPI/283514043509/P2A/dmart.pay@okaxis@idfb0398825.ifsc.npci/DMART CDCI CDCI,,,283514043509,,1616.0,0.0,358102.0,debit,Punjab National Bank,6874988816602204_000015,,False
21081385298452,SHIV LAL BISHNOI,UTIB0320972,05/02/2025,,UPI:PAY:563744100377/PHARMACY          /Indian Ban,,,563744100377,,3263.0,0.0,912110.0,debit,Axis Bank,21081385298452_000015,,False
52401335283,Rekha Yadav,MAHB0207246,05/02/2025,,NACH DR-9722649399-HDFC BANK EMI-335283,,,,,7500.0,0.0,173410.0,debit,Bank of Maharashtra,52401335283_000015,,False
51703956546,BHAVANA RAO,IDFB0462312,06/02/2025,,UPI/MOB/667726606898/Pay request to PHARMACY/medplus@ybl@idfb0414129.ifsc.npci,,,667726606898,,3920.0,0.0,368943.0,debit,IDFC FIRST Bank,51703956546_000014,,False
52401335283,Rekha Yadav,MAHB0207246,06/02/2025,,CWDR/691291306684/06-02-2025 16:51:32/CMN,,,,,15000.0,0.0,158410.0,debit,Bank of Maharashtra,52401335283_000016,,False
76469732163180,Anjali Sunita,BARB0508103,06/02/2025,,UPI/874032118070/15:54:08/UPI/bescom.bill@upi@sbin0216965.ifsc.npci/Payment/BESCOM,,,874032118070,,851.0,0.0,295550.0,debit,Bank of Baroda,76469732163180_000014,,False
21081385298452,SHIV LAL BISHNOI,UTIB0320972,07/02/2025,,MB NEFT/UTIBN2502075178020/TECHREVIVE/TECHREVIVE SOLUTIONS/,,UTIBN2502075178020,UTIBN2502075178020,,0.0,66771.0,978881.0,credit,Axis Bank,21081385298452_000016,,False
21081385298452,SHIV LAL BISHNOI,UTIB0320972,07/02/2025,,UPI:PAY:207932598637/Indianoil         /ICICI Bank/INDIANOIL,,,207932598637,,2356.0,0.0,976525.0,debit,Axis Bank,21081385298452_000017,,False
52401335283,Rekha Yadav,MAHB0207246,07/02/2025,,SHREE KRISHNA MOBILE MAHBN2502070207307 - 9008-NEFT/ RTGS CELL KKBK0260908 4978784701,,MAHBN2502070207307,MAHBN2502070207307,,0.0,56704.0,215114.0,credit,Bank of Maharashtra,52401335283_000017,,False
6874988816602204,AISHWARYA MEHTA,PUNB0194660,07/02/2025,,NEFT/PUNBN2502070334855/GLOBAL ENTERPRISE CDCI CDCI,,PUNBN2502070334855,PUNBN2502070334855,,0.0,35771.0,393873.0,credit,Punjab National Bank,6874988816602204_000016,,False
6874988816602204,AISHWARYA MEHTA,PUNB0194660,07/02/2025,,UPI/544832998517/P2A/bbdaily@okhdfcbank@punb0918452.ifsc.npci/BIGBASKET CDCI CDCI,,,544832998517,,1090.0,0.0,392783.0,debit,Punjab National Bank,6874988816602204_000017,,False
76469732163180,Anjali Sunita,BARB0508103,07/02/2025,,CWDR/685237074684/07-02-2025 18:43:52/CMN,,,,,10000.0,0.0,285550.0,debit,Bank of Baroda,76469732163180_000015,,False
21081385298452,SHIV LAL BISHNOI,UTIB0320972,08/02/2025,,UPI:PAY:786858699647/Airtel            /Bank of Ma/AIRTEL,,,786858699647,,1229.0,0.0,975296.0,debit,Axis Bank,21081385298452_000018,,False
6874988816602204,AISHWARYA MEHTA,PUNB0194660,08/02/2025,,UPI/655847265148/P2A/irctc.pay@axisbank@mahb0408633.ifsc.npci/Irctc CDCI CDCI/IRCTC,,,655847265148,,2039.0,0.0,390744.0,debit,Punjab National Bank,6874988816602204_000018,,False
51703956546,BHAVANA RAO,IDFB0462312,09/02/2025,,NEFT/IDFBN2502091542494/TECHREVIVE SOLUTIONS/KKBK0896025,,IDFBN2502091542494,IDFBN2502091542494,,0.0,55833.0,424776.0,credit,IDFC FIRST Bank,51703956546_000015,,False
51703956546,BHAVANA RAO,IDFB0462312,09/02/2025,,UPI/MOB/093143366802/Pay request to Pharmacy/medplus@ybl@fdrl0325877.ifsc.npci/PHARMACY,,,093143366802,,2623.0,0.0,422153.0,debit,IDFC FIRST Bank,51703956546_000016,,False
52401335283,Rekha Yadav,MAHB0207246,09/02/2025,,UPI/481815116435/DR/INDIANOIL/ICIC/fuelpay@ybl@icic0579372.ifsc.npci/UPI,,,481815116435,,3819.0,0.0,211295.0,debit,Bank of Maharashtra,52401335283_000018,,False
76469732163180,Anjali Sunita,BARB0508103,09/02/2025,,DIGITA-MUMBAI/ NEFT-BARBN2502090840652-Legend Prime,,BARBN2502090840652,BARBN2502090840652,,0.0,64638.0,350188.0,credit,Bank of Baroda,76469732163180_000016,,False
21081385298452,SHIV LAL BISHNOI,UTIB0320972,10/02/2025,,NACH DR-7439074380-ICICI BANK EMI-298452,,,,,11200.0,0.0,964096.0,debit,Axis Bank,21081385298452_000019,,False
6874988816602204,AISHWARYA MEHTA,PUNB0194660,10/02/2025,,NACH DR-6639490316-BAJAJ FINANCE EMI-602204,,,,,11200.0,0.0,379544.0,debit,Punjab National Bank,6874988816602204_000019,,False
51703956546,BHAVANA RAO,IDFB0462312,10/02/2025,19:53:45,UPI/MOB/328527758314/Pay request to Pharmacy/medplus@ybl@mahb0125397.ifsc.npci/PHARMACY,,,328527758314,,835.0,0.0,421318.0,debit,IDFC FIRST Bank,51703956546_000017,,False
76469732163180,Anjali Sunita,BARB0508103,10/02/2025,20:01:05,UPI/286289502390/19:04:18/UPI/fuelpay@ybl@idib0436723.ifsc.npci/Payment/INDIANOIL,,,286289502390,,2135.0,0.0,348053.0,debit,Bank of Baroda,76469732163180_000017,,False
6874988816602204,AISHWARYA MEHTA,PUNB0194660,11/02/2025,,NACH DR-2899665846-BAJAJ FINANCE EMI-602204,,,,,21400.0,0.0,358144.0,debit,Punjab National Bank,6874988816602204_000020,,False
21081385298452,SHIV LAL BISHNOI,UTIB0320972,11/02/2025,13:59:07,ECSRTNCHGS110225_SR461013044GST,,,,,118.0,0.0,963978.0,debit,Axis Bank,21081385298452_000020,,False
21081385298452,SHIV LAL BISHNOI,UTIB0320972,12/02/2025,,NFSCWD ATM 6NJAIPUR/720344205079/19:42:22/JAIPUR,,,,,15000.0,0.0,948978.0,debit,Axis Bank,21081385298452_000021,,False
21081385298452,SHIV LAL BISHNOI,UTIB0320972,12/02/2025,,MB NEFT/UTIBN2502128776700/BHAVANA RA/BHAVANA RAO/,,UTIBN2502128776700,UTIBN2502128776700,,259883.0,0.0,689095.0,debit,Axis Bank,21081385298452_000022,,False
51703956546,BHAVANA RAO,IDFB0462312,12/02/2025,,NEFT/UTIBN2502128776700/SHIV LAL BISHNOI/UTIB0320972,,UTIBN2502128776700,UTIBN2502128776700,,0.0,259883.0,681201.0,credit,IDFC FIRST Bank,51703956546_000018,,False
52401335283,Rekha Yadav,MAHB0207246,12/02/2025,,NACH DR-7312772471-ICICI BANK EMI-335283,,,,,11200.0,0.0,200095.0,debit,Bank of Maharashtra,52401335283_000019,,False
6874988816602204,AISHWARYA MEHTA,PUNB0194660,12/02/2025,20:23:03,UPI/198407820927/P2A/jio.mobile@ibl@barb0205570.ifsc.npci/Jio CDCI CDCI/JIO,,,198407820927,,1270.0,0.0,356874.0,debit,Punjab National Bank,6874988816602204_000021,,False
51703956546,BHAVANA RAO,IDFB0462312,13/02/2025,,UPI/MOB/216280558301/Pay request to Indianoil/fuelpay@ybl@hdfc0379045.ifsc.npci/INDIANOIL,,,216280558301,,1127.0,0.0,680074.0,debit,IDFC FIRST Bank,51703956546_000019,,False
52401335283,Rekha Yadav,MAHB0207246,13/02/2025,,UPI/109353907019/DR/JIO/CNRB/jio.mobile@ibl@cnrb0313970.ifsc.npci/UPI,,,109353907019,,2920.0,0.0,197175.0,debit,Bank of Maharashtra,52401335283_000020,,False
6874988816602204,AISHWARYA MEHTA,PUNB0194660,13/02/2025,,UPI/219522607224/P2A/bbdaily@okhdfcbank@punb0945535.ifsc.npci/BIGBASKET CDCI CDCI,,,219522607224,,286.0,0.0,356588.0,debit,Punjab National Bank,6874988816602204_000022,,False
76469732163180,Anjali Sunita,BARB0508103,13/02/2025,,UPI/528290303861/20:59:26/UPI/fuelpay@ybl@utib0903494.ifsc.npci/Payment/INDIANOIL,,,528290303861,,1678.0,0.0,346375.0,debit,Bank of Baroda,76469732163180_000018,,False
21081385298452,SHIV LAL BISHNOI,UTIB0320972,14/02/2025,,NACH DR-8335547376-HDFC BANK EMI-298452,,,,,21400.0,0.0,667695.0,debit,Axis Bank,21081385298452_000023,,False
51703956546,BHAVANA RAO,IDFB0462312,14/02/2025,,NEFT/IDFBN2502147229052/Anjali Sunita/BARB0508103,,IDFBN2502147229052,IDFBN2502147229052,,249498.0,0.0,430576.0,debit,IDFC FIRST Bank,51703956546_000020,,False
76469732163180,Anjali Sunita,BARB0508103,14/02/2025,,DIGITA-MUMBAI/ NEFT-IDFBN2502147229052-BHAVANA RAO,,IDFBN2502147229052,IDFBN2502147229052,,0.0,249498.0,595873.0,credit,Bank of Baroda,76469732163180_000019,,False
51703956546,BHAVANA RAO,IDFB0462312,15/02/2025,,ATM-NFS/CASH WITHDRAWAL/PUNE BRANCH ATM PUNE IN/629600847008/SELF,,,,,8000.0,0.0,422576.0,debit,IDFC FIRST Bank,51703956546_000021,,False
52401335283,Rekha Yadav,MAHB0207246,15/02/2025,,UPI/806290458365/DR/PHARMACY/HDFC/medplus@ybl@hdfc0248527.ifsc.npci/UPI,,,806290458365,,1674.0,0.0,195501.0,debit,Bank of Maharashtra,52401335283_000021,,False
6874988816602204,AISHWARYA MEHTA,PUNB0194660,15/02/2025,18:08:59,ATM WDR 4275 PNB \PNB JODHPUR \ JODHPUR CDCI CDCI,,,,,15000.0,0.0,341588.0,debit,Punjab National Bank,6874988816602204_000023,,False
52401335283,Rekha Yadav,MAHB0207246,16/02/2025,,UPI/087134067215/DR/BIGBASKET/HDFC/bbdaily@okhdfcbank@hdfc0729265.ifsc.npci/UPI,,,087134067215,,2120.0,0.0,193381.0,debit,Bank of Maharashtra,52401335283_000022,,False
76469732163180,Anjali Sunita,BARB0508103,16/02/2025,16:19:20,UPI/838546425794/12:53:49/UPI/bbdaily@okhdfcbank@cnrb0953670.ifsc.npci/Payment/BIGBASKET,,,838546425794,,3924.0,0.0,591949.0,debit,Bank of Baroda,76469732163180_000020,,False
21081385298452,SHIV LAL BISHNOI,UTIB0320972,17/02/2025,,UPI:PAY:647123178224/Irctc             /HDFC Bank/IRCTC,,,647123178224,,3722.0,0.0,663973.0,debit,Axis Bank,21081385298452_000024,,False
52401335283,Rekha Yadav,MAHB0207246,17/02/2025,,UPI/316761536086/DR/INDIANOIL/BARB/fuelpay@ybl@barb0156660.ifsc.npci/UPI,,,316761536086,,2654.0,0.0,190727.0,debit,Bank of Maharashtra,52401335283_000023,,False
76469732163180,Anjali Sunita,BARB0508103,17/02/2025,,UPI/227408239698/22:06:19/UPI/irctc.pay@axisbank@icic0943577.ifsc.npci/Payment/IRCTC,,,227408239698,,2729.0,0.0,589220.0,debit,Bank of Baroda,76469732163180_000021,,False
51703956546,BHAVANA RAO,IDFB0462312,18/02/2025,,UPI/MOB/007507802074/Pay request to Irctc/irctc.pay@axisbank@barb0333021.ifsc.npci/IRCTC,,,007507802074,,2918.0,0.0,419658.0,debit,IDFC FIRST Bank,51703956546_000022,,False
6874988816602204,AISHWARYA MEHTA,PUNB0194660,18/02/2025,,UPI/801787846638/P2A/bbdaily@okhdfcbank@idfb0270243.ifsc.npci/BIGBASKET CDCI CDCI,,,801787846638,,3256.0,0.0,338332.0,debit,Punjab National Bank,6874988816602204_000024,,False
21081385298452,SHIV LAL BISHNOI,UTIB0320972,19/02/2025,,UPI:PAY:031331543323/BESCOM            /Axis Bank,,,031331543323,,3345.0,0.0,660628.0,debit,Axis Bank,21081385298452_000025,,False
52401335283,Rekha Yadav,MAHB0207246,19/02/2025,,UPI/012838714372/DR/BESCOM/UTIB/bescom.bill@upi@utib0450524.ifsc.npci/UPI,,,012838714372,,3999.0,0.0,186728.0,debit,Bank of Maharashtra,52401335283_000024,,False
76469732163180,Anjali Sunita,BARB0508103,19/02/2025,,UPI/040770980920/08:00:40/UPI/irctc.pay@axisbank@kkbk0129421.ifsc.npci/Payment/IRCTC,,,040770980920,,1298.0,0.0,587922.0,debit,Bank of Baroda,76469732163180_000022,,False
52401335283,Rekha Yadav,MAHB0207246,20/02/2025,,UPI/149041830706/DR/IRCTC/HDFC/irctc.pay@axisbank@hdfc0105300.ifsc.npci/UPI,,,149041830706,,331.0,0.0,186397.0,debit,Bank of Maharashtra,52401335283_000025,,False
76469732163180,Anjali Sunita,BARB0508103,20/02/2025,,CWDR/004905551560/20-02-2025 19:47:14/CMN,,,,,10000.0,0.0,577922.0,debit,Bank of Baroda,76469732163180_000023,,False
51703956546,BHAVANA RAO,IDFB0462312,20/02/2025,19:18:30,UPI/MOB/832417424922/Pay request to Jio/jio.mobile@ibl@icic0560776.ifsc.npci/JIO,,,832417424922,,1654.0,0.0,418004.0,debit,IDFC FIRST Bank,51703956546_000023,,False
51703956546,BHAVANA RAO,IDFB0462312,21/02/2025,,UPI/MOB/317961087873/Pay request to BIGBASKET/bbdaily@okhdfcbank@sbin0639297.ifsc.npci,,,317961087873,,1913.0,0.0,416091.0,debit,IDFC FIRST Bank,51703956546_000024,,False
6874988816602204,AISHWARYA MEHTA,PUNB0194660,21/02/2025,,UPI/939866543294/P2A/medplus@ybl@hdfc0242373.ifsc.npci/Pharmacy CDCI CDCI/PHARMACY,,,939866543294,,998.0,0.0,337334.0,debit,Punjab National Bank,6874988816602204_000025,,False
21081385298452,SHIV LAL BISHNOI,UTIB0320972,22/02/2025,,UPI:PAY:347497480894/Irctc             /ICICI Bank/IRCTC,,,347497480894,,2813.0,0.0,657815.0,debit,Axis Bank,21081385298452_000026,,False
6874988816602204,AISHWARYA MEHTA,PUNB0194660,22/02/2025,15:28:56,UPI/426976386624/P2A/fuelpay@ybl@fdrl0910829.ifsc.npci/Indianoil CDCI CDCI/INDIANOIL,,,426976386624,,1318.0,0.0,336016.0,debit,Punjab National Bank,6874988816602204_000026,,False
21081385298452,SHIV LAL BISHNOI,UTIB0320972,23/02/2025,,UPI:PAY:089596808829/IRCTC             /State Bank,,,089596808829,,563.0,0.0,657252.0,debit,Axis Bank,21081385298452_000027,,False
76469732163180,Anjali Sunita,BARB0508103,23/02/2025,,UPI/683497030527/20:32:57/UPI/bescom.bill@upi@cnrb0893669.ifsc.npci/Payment/BESCOM,,,683497030527,,112.0,0.0,577810.0,debit,Bank of Baroda,76469732163180_000024,,False
52401335283,Rekha Yadav,MAHB0207246,23/02/2025,19:53:41,UPI/298099790766/DR/INDIANOIL/IDIB/fuelpay@ybl@idib0957124.ifsc.npci/UPI,,,298099790766,,3817.0,0.0,182580.0,debit,Bank of Maharashtra,52401335283_000026,,False
21081385298452,SHIV LAL BISHNOI,UTIB0320972,24/02/2025,,MB NEFT/BARBN2502245950312/Anjali Sun/Anjali Sunita/,,BARBN2502245950312,BARBN2502245950312,,0.0,242921.5,900173.5,credit,Axis Bank,21081385298452_000028,,False
51703956546,BHAVANA RAO,IDFB0462312,24/02/2025,,UPI/MOB/108210718297/Pay request to JIO/jio.mobile@ibl@kkbk0310979.ifsc.npci,,,108210718297,,3369.0,0.0,412722.0,debit,IDFC FIRST Bank,51703956546_000025,,False
6874988816602204,AISHWARYA MEHTA,PUNB0194660,24/02/2025,,MONTHLY SMS CHARGES,,,,,118.0,0.0,335898.0,debit,Punjab National Bank,6874988816602204_000027,,False
76469732163180,Anjali Sunita,BARB0508103,24/02/2025,,DIGITA-MUMBAI/ NEFT-BARBN2502245950312-SHIV LAL BISHNOI,,BARBN2502245950312,BARBN2502245950312,,242921.5,0.0,334888.5,debit,Bank of Baroda,76469732163180_000025,,False
21081385298452,SHIV LAL BISHNOI,UTIB0320972,24/02/2025,14:50:36,NFSCWD ATM 6NLUCKNOW/172818626200/08:12:47/LUCKNOW,,,,,15000.0,0.0,885173.5,debit,Axis Bank,21081385298452_000029,,False
52401335283,Rekha Yadav,MAHB0207246,25/02/2025,,NACH DR-6760464549-BAJAJ FINANCE EMI-335283,,,,,21400.0,0.0,161180.0,debit,Bank of Maharashtra,52401335283_000027,,False
21081385298452,SHIV LAL BISHNOI,UTIB0320972,26/02/2025,,UPI:PAY:227501588957/INDIANOIL         /Punjab Nat,,,227501588957,,4472.0,0.0,880701.5,debit,Axis Bank,21081385298452_000030,,False
52401335283,Rekha Yadav,MAHB0207246,26/02/2025,,UPI/548108599953/DR/PHARMACY/IDIB/medplus@ybl@idib0435135.ifsc.npci/UPI,,,548108599953,,565.0,0.0,160615.0,debit,Bank of Maharashtra,52401335283_000028,,False
6874988816602204,AISHWARYA MEHTA,PUNB0194660,26/02/2025,,UPI/505106333621/P2A/airtel.recharge@airtel@utib0260654.ifsc.npci/AIRTEL CDCI CDCI,,,505106333621,,3247.0,0.0,332651.0,debit,Punjab National Bank,6874988816602204_000028,,False
76469732163180,Anjali Sunita,BARB0508103,26/02/2025,,UPI/179698298065/21:22:43/UPI/jio.mobile@ibl@utib0601775.ifsc.npci/Payment/JIO,,,179698298065,,2176.0,0.0,332712.5,debit,Bank of Baroda,76469732163180_000026,,False
51703956546,BHAVANA RAO,IDFB0462312,27/02/2025,,UPI/MOB/534092620302/Pay request to PHARMACY/medplus@ybl@cnrb0950203.ifsc.npci,,,534092620302,,190.0,0.0,412532.0,debit,IDFC FIRST Bank,51703956546_000026,,False
52401335283,Rekha Yadav,MAHB0207246,27/02/2025,,UPI/508786330919/DR/IRCTC/CNRB/irctc.pay@axisbank@cnrb0483141.ifsc.npci/UPI,,,508786330919,,3135.0,0.0,157480.0,debit,Bank of Maharashtra,52401335283_000029,,False
6874988816602204,AISHWARYA MEHTA,PUNB0194660,27/02/2025,,UPI/551615006992/P2A/irctc.pay@axisbank@barb0988272.ifsc.npci/Irctc CDCI CDCI/IRCTC,,,551615006992,,2468.0,0.0,330183.0,debit,Punjab National Bank,6874988816602204_000029,,False
21081385298452,SHIV LAL BISHNOI,UTIB0320972,28/02/2025,,UPI:PAY:765168844515/DMART             /IDFC FIRST,,,765168844515,,3952.0,0.0,876749.5,debit,Axis Bank,21081385298452_000031,,False
51703956546,BHAVANA RAO,IDFB0462312,01/03/2025,,UPI/MOB/643965779383/Pay request to BIGBASKET/bbdaily@okhdfcbank@idib0211538.ifsc.npci,,,643965779383,,1761.0,0.0,410771.0,debit,IDFC FIRST Bank,51703956546_000027,,False
52401335283,Rekha Yadav,MAHB0207246,01/03/2025,,UPI/569867540452/DR/JIO/CNRB/jio.mobile@ibl@cnrb0743231.ifsc.npci/UPI,,,569867540452,,2384.0,0.0,155096.0,debit,Bank of Maharashtra,52401335283_000030,,False
76469732163180,Anjali Sunita,BARB0508103,01/03/2025,11:58:29,UPI/573164032299/22:19:03/UPI/dmart.pay@okaxis@cnrb0145406.ifsc.npci/Payment/DMART,,,573164032299,,1267.0,0.0,331445.5,debit,Bank of Baroda,76469732163180_000027,,False
6874988816602204,AISHWARYA MEHTA,PUNB0194660,01/03/2025,17:05:13,UPI/596521622007/P2A/dmart.pay@okaxis@utib0192894.ifsc.npci/DMART CDCI CDCI,,,596521622007,,354.0,0.0,329829.0,debit,Punjab National Bank,6874988816602204_000030,,False
21081385298452,SHIV LAL BISHNOI,UTIB0320972,02/03/2025,,UPI:PAY:903028478800/INDIANOIL         /State Bank,,,903028478800,,2468.0,0.0,874281.5,debit,Axis Bank,21081385298452_000032,,False
51703956546,BHAVANA RAO,IDFB0462312,02/03/2025,,UPI/MOB/246234566285/Pay request to Bescom/bescom.bill@upi@barb0677125.ifsc.npci/BESCOM,,,246234566285,,2956.0,0.0,407815.0,debit,IDFC FIRST Bank,51703956546_000028,,False
52401335283,Rekha Yadav,MAHB0207246,02/03/2025,,NACH DR-4776979916-ICICI BANK EMI-335283,,,,,7500.0,0.0,147596.0,debit,Bank of Maharashtra,52401335283_000031,,False
6874988816602204,AISHWARYA MEHTA,PUNB0194660,02/03/2025,,UPI/584833426257/P2A/airtel.recharge@airtel@kkbk0839324.ifsc.npci/AIRTEL CDCI CDCI,,,584833426257,,698.0,0.0,329131.0,debit,Punjab National Bank,6874988816602204_000031,,False
76469732163180,Anjali Sunita,BARB0508103,02/03/2025,,UPI/605075047697/10:28:11/UPI/medplus@ybl@idib0447802.ifsc.npci/Payment/PHARMACY,,,605075047697,,2741.0,0.0,328704.5,debit,Bank of Baroda,76469732163180_000028,,False
51703956546,BHAVANA RAO,IDFB0462312,03/03/2025,,UPI/MOB/220158903782/Pay request to Indianoil/fuelpay@ybl@hdfc0712203.ifsc.npci/INDIANOIL,,,220158903782,,1651.0,0.0,406164.0,debit,IDFC FIRST Bank,51703956546_000029,,False
6874988816602204,AISHWARYA MEHTA,PUNB0194660,03/03/2025,,ATM WDR 7190 PNB \PNB JODHPUR \ JODHPUR CDCI CDCI,,,,,15000.0,0.0,314131.0,debit,Punjab National Bank,6874988816602204_000032,,False
6874988816602204,AISHWARYA MEHTA,PUNB0194660,04/03/2025,,UPI/947320567931/P2A/bescom.bill@upi@barb0406051.ifsc.npci/Bescom CDCI CDCI/BESCOM,,,947320567931,,463.0,0.0,313668.0,debit,Punjab National Bank,6874988816602204_000033,,False
21081385298452,SHIV LAL BISHNOI,UTIB0320972,04/03/2025,09:04:24,UPI:PAY:150374627315/Jio               /Bank of Ba/JIO,,,150374627315,,1948.0,0.0,872333.5,debit,Axis Bank,21081385298452_000033,,False
51703956546,BHAVANA RAO,IDFB0462312,05/03/2025,,UPI/MOB/413989687261/Pay request to AIRTEL/airtel.recharge@airtel@kkbk0363432.ifsc.npci,,,413989687261,,3205.0,0.0,402959.0,debit,IDFC FIRST Bank,51703956546_000030,,False
52401335283,Rekha Yadav,MAHB0207246,05/03/2025,,UPI/963049874081/DR/DMART/IDFB/dmart.pay@okaxis@idfb0869760.ifsc.npci/UPI,,,963049874081,,4284.0,0.0,143312.0,debit,Bank of Maharashtra,52401335283_000032,,False
6874988816602204,AISHWARYA MEHTA,PUNB0194660,05/03/2025,,UPI/875084895893/P2A/irctc.pay@axisbank@mahb0710493.ifsc.npci/Irctc CDCI CDCI/IRCTC,,,875084895893,,3644.0,0.0,310024.0,debit,Punjab National Bank,6874988816602204_000034,,False
76469732163180,Anjali Sunita,BARB0508103,05/03/2025,,UPI/544141314771/21:16:21/UPI/fuelpay@ybl@fdrl0485957.ifsc.npci/Payment/INDIANOIL,,,544141314771,,1735.0,0.0,326969.5,debit,Bank of Baroda,76469732163180_000029,,False
21081385298452,SHIV LAL BISHNOI,UTIB0320972,07/03/2025,,UPI:PAY:910110823681/Airtel            /Federal Ba/AIRTEL,,,910110823681,,3738.0,0.0,868595.5,debit,Axis Bank,21081385298452_000034,,False
51703956546,BHAVANA RAO,IDFB0462312,07/03/2025,,UPI/MOB/373209056293/Pay request to BESCOM/bescom.bill@upi@idib0275159.ifsc.npci,,,373209056293,,3878.0,0.0,399081.0,debit,IDFC FIRST Bank,51703956546_000031,,False
52401335283,Rekha Yadav,MAHB0207246,07/03/2025,,UPI/526997129107/DR/JIO/KKBK/jio.mobile@ibl@kkbk0137944.ifsc.npci/UPI,,,526997129107,,3206.0,0.0,140106.0,debit,Bank of Maharashtra,52401335283_000033,,False
76469732163180,Anjali Sunita,BARB0508103,07/03/2025,,UPI/665059584234/21:20:33/UPI/fuelpay@ybl@icic0131021.ifsc.npci/Payment/INDIANOIL,,,665059584234,,3918.0,0.0,323051.5,debit,Bank of Baroda,76469732163180_000030,,False
21081385298452,SHIV LAL BISHNOI,UTIB0320972,08/03/2025,,UPI:PAY:108948766607/DMART             /Axis Bank,,,108948766607,,761.0,0.0,867834.5,debit,Axis Bank,21081385298452_000035,,False
52401335283,Rekha Yadav,MAHB0207246,08/03/2025,,UPI/511708339878/DR/BESCOM/FDRL/bescom.bill@upi@fdrl0598836.ifsc.npci/UPI,,,511708339878,,850.0,0.0,139256.0,debit,Bank of Maharashtra,52401335283_000034,,False
6874988816602204,AISHWARYA MEHTA,PUNB0194660,08/03/2025,,UPI/095321547269/P2A/bescom.bill@upi@mahb0330343.ifsc.npci/Bescom CDCI CDCI/BESCOM,,,095321547269,,2268.0,0.0,307756.0,debit,Punjab National Bank,6874988816602204_000035,,False
21081385298452,SHIV LAL BISHNOI,UTIB0320972,09/03/2025,,MB NEFT/UTIBN2503096348242/BHAVANA RA/BHAVANA RAO/,,UTIBN2503096348242,UTIBN2503096348242,,229511.0,0.0,638323.5,debit,Axis Bank,21081385298452_000036,,False
51703956546,BHAVANA RAO,IDFB0462312,09/03/2025,,ATM-NFS/CASH WITHDRAWAL/KOZHIKODE BRANCH ATM KOZHIKODE IN/395561321925/SELF,,,,,10000.0,0.0,389081.0,debit,IDFC FIRST Bank,51703956546_000032,,False
51703956546,BHAVANA RAO,IDFB0462312,09/03/2025,,NEFT/UTIBN2503096348242/SHIV LAL BISHNOI/UTIB0320972,,UTIBN2503096348242,UTIBN2503096348242,,0.0,229511.0,618592.0,credit,IDFC FIRST Bank,51703956546_000033,,False
52401335283,Rekha Yadav,MAHB0207246,09/03/2025,,Maa Enterprise MAHBN2503093032791 - 9008-NEFT/ RTGS CELL ICIC0838981 916349070093,,MAHBN2503093032791,MAHBN2503093032791,,0.0,78401.0,217657.0,credit,Bank of Maharashtra,52401335283_000035,,False
6874988816602204,AISHWARYA MEHTA,PUNB0194660,09/03/2025,,UPI/604679663315/P2A/bescom.bill@upi@punb0370616.ifsc.npci/BESCOM CDCI CDCI,,,604679663315,,1659.0,0.0,306097.0,debit,Punjab National Bank,6874988816602204_000036,,False
76469732163180,Anjali Sunita,BARB0508103,09/03/2025,,DIGITA-MUMBAI/ NEFT-BARBN2503095182098-Shree Krishna Mobile,,BARBN2503095182098,BARBN2503095182098,,0.0,52261.0,375312.5,credit,Bank of Baroda,76469732163180_000031,,False
51703956546,BHAVANA RAO,IDFB0462312,10/03/2025,,UPI/MOB/293928385204/Pay request to BIGBASKET/bbdaily@okhdfcbank@kkbk0226459.ifsc.npci,,,293928385204,,2448.0,0.0,616144.0,debit,IDFC FIRST Bank,51703956546_000034,,False
52401335283,Rekha Yadav,MAHB0207246,10/03/2025,,52401335283:Int.Pd:10-12-2024 to 09-03-2025,,,,,0.0,66.0,217723.0,credit,Bank of Maharashtra,52401335283_000036,,False
52401335283,Rekha Yadav,MAHB0207246,10/03/2025,,UPI/533620263509/DR/BESCOM/IDFB/bescom.bill@upi@idfb0315366.ifsc.npci/UPI,,,533620263509,,502.0,0.0,217221.0,debit,Bank of Maharashtra,52401335283_000037,,False
76469732163180,Anjali Sunita,BARB0508103,10/03/2025,,76469732163180:Int.Pd:10-12-2024 to 09-03-2025,,,,,0.0,192.0,375504.5,credit,Bank of Baroda,76469732163180_000032,,False
76469732163180,Anjali Sunita,BARB0508103,10/03/2025,,NACH DR-2229307980-ICICI BANK EMI-163180,,,,,11200.0,0.0,364304.5,debit,Bank of Baroda,76469732163180_000033,,False
21081385298452,SHIV LAL BISHNOI,UTIB0320972,11/03/2025,,MB NEFT/UTIBN2503119526824/LEGEND PRI/LEGEND PRIME/,,UTIBN2503119526824,UTIBN2503119526824,,0.0,73998.0,712321.5,credit,Axis Bank,21081385298452_000037,,False
51703956546,BHAVANA RAO,IDFB0462312,11/03/2025,,NEFT/IDFBN2503111705936/Carmen Trinity Venture/MAHB0915290,,IDFBN2503111705936,IDFBN2503111705936,,0.0,84710.0,700854.0,credit,IDFC FIRST Bank,51703956546_000035,,False
6874988816602204,AISHWARYA MEHTA,PUNB0194660,11/03/2025,,NEFT/PUNBN2503115389039/NORTHERN TRADERS COMPANY CDCI CDCI,,PUNBN2503115389039,PUNBN2503115389039,,0.0,48266.0,354363.0,credit,Punjab National Bank,6874988816602204_000037,,False
21081385298452,SHIV LAL BISHNOI,UTIB0320972,11/03/2025,17:31:21,UPI:PAY:223986927421/IRCTC             /State Bank,,,223986927421,,4226.0,0.0,708095.5,debit,Axis Bank,21081385298452_000038,,False
21081385298452,SHIV LAL BISHNOI,UTIB0320972,12/03/2025,,21081385298452:Int.Pd:12-12-2024 to 11-03-2025,,,,,0.0,140.0,708235.5,credit,Axis Bank,21081385298452_000039,,False
51703956546,BHAVANA RAO,IDFB0462312,12/03/2025,,51703956546:Int.Pd:12-12-2024 to 11-03-2025,,,,,0.0,218.0,701072.0,credit,IDFC FIRST Bank,51703956546_000036,,False
52401335283,Rekha Yadav,MAHB0207246,12/03/2025,,UPI/782996998856/DR/PHARMACY/CNRB/medplus@ybl@cnrb0885018.ifsc.npci/UPI,,,782996998856,,1169.0,0.0,216052.0,debit,Bank of Maharashtra,52401335283_000038,,False
6874988816602204,AISHWARYA MEHTA,PUNB0194660,12/03/2025,,6874988816602204:Int.Pd:12-12-2024 to 11-03-2025,,,,,0.0,353.0,354716.0,credit,Punjab National Bank,6874988816602204_000038,,False
6874988816602204,AISHWARYA MEHTA,PUNB0194660,12/03/2025,,UPI/915665437763/P2A/airtel.recharge@airtel@punb0801479.ifsc.npci/AIRTEL CDCI CDCI,,,915665437763,,2409.0,0.0,352307.0,debit,Punjab National Bank,6874988816602204_000039,,False
51703956546,BHAVANA RAO,IDFB0462312,13/03/2025,,UPI/MOB/951514518665/Pay request to DMART/dmart.pay@okaxis@cnrb0721905.ifsc.npci,,,951514518665,,1698.0,0.0,699374.0,debit,IDFC FIRST Bank,51703956546_000037,,False
51703956546,BHAVANA RAO,IDFB0462312,13/03/2025,,NEFT/IDFBN2503136912123/Anjali Sunita/BARB0508103,,IDFBN2503136912123,IDFBN2503136912123,,222476.1,0.0,476897.9,debit,IDFC FIRST Bank,51703956546_000038,,False
76469732163180,Anjali Sunita,BARB0508103,13/03/2025,,UPI/103924679319/16:16:17/UPI/irctc.pay@axisbank@punb0500816.ifsc.npci/Payment/IRCTC,,,103924679319,,3841.0,0.0,360463.5,debit,Bank of Baroda,76469732163180_000034,,False
76469732163180,Anjali Sunita,BARB0508103,13/03/2025,,DIGITA-MUMBAI/ NEFT-IDFBN2503136912123-BHAVANA RAO,,IDFBN2503136912123,IDFBN2503136912123,,0.0,222476.1,582939.6,credit,Bank of Baroda,76469732163180_000035,,False
21081385298452,SHIV LAL BISHNOI,UTIB0320972,14/03/2025,,UPI:PAY:080172732984/PHARMACY          /Canara Ban,,,080172732984,,4094.0,0.0,704141.5,debit,Axis Bank,21081385298452_000040,,False
21081385298452,SHIV LAL BISHNOI,UTIB0320972,15/03/2025,,UPI:PAY:531111974917/Bigbasket         /Bank of Ba/BIGBASKET,,,531111974917,,4051.0,0.0,700090.5,debit,Axis Bank,21081385298452_000041,,False
52401335283,Rekha Yadav,MAHB0207246,15/03/2025,,NACH DR-6539372925-HDFC BANK EMI-335283,,,,,11200.0,0.0,204852.0,debit,Bank of Maharashtra,52401335283_000039,,False
6874988816602204,AISHWARYA MEHTA,PUNB0194660,15/03/2025,,ATM WDR 6133 PNB \PNB KOZHIKODE \ KOZHIKODE CDCI CDCI,,,,,15000.0,0.0,337307.0,debit,Punjab National Bank,6874988816602204_000040,,False
76469732163180,Anjali Sunita,BARB0508103,15/03/2025,,UPI/512224546668/17:20:55/UPI/bbdaily@okhdfcbank@cnrb0335285.ifsc.npci/Payment/BIGBASKET,,,512224546668,,3747.0,0.0,579192.6,debit,Bank of Baroda,76469732163180_000036,,False
21081385298452,SHIV LAL BISHNOI,UTIB0320972,16/03/2025,,UPI:PAY:070058944982/DMART             /Punjab Nat,,,070058944982,,1525.0,0.0,698565.5,debit,Axis Bank,21081385298452_000042,,False
51703956546,BHAVANA RAO,IDFB0462312,16/03/2025,,UPI/MOB/099854540181/Pay request to Bescom/bescom.bill@upi@icic0632491.ifsc.npci/BESCOM,,,099854540181,,1106.0,0.0,475791.9,debit,IDFC FIRST Bank,51703956546_000039,,False
21081385298452,SHIV LAL BISHNOI,UTIB0320972,17/03/2025,,UPI:PAY:677438509947/JIO               /IDFC FIRST,,,677438509947,,1887.0,0.0,696678.5,debit,Axis Bank,21081385298452_000043,,False
51703956546,BHAVANA RAO,IDFB0462312,18/03/2025,,UPI/MOB/105690447626/Pay request to IRCTC/irctc.pay@axisbank@idib0118904.ifsc.npci,,,105690447626,,447.0,0.0,475344.9,debit,IDFC FIRST Bank,51703956546_000040,,False
6874988816602204,AISHWARYA MEHTA,PUNB0194660,18/03/2025,,UPI/292706271174/P2A/fuelpay@ybl@sbin0547795.ifsc.npci/INDIANOIL CDCI CDCI,,,292706271174,,3811.0,0.0,333496.0,debit,Punjab National Bank,6874988816602204_000041,,False
76469732163180,Anjali Sunita,BARB0508103,18/03/2025,,CWDR/668279523930/18-03-2025 20:54:31/CMN,,,,,15000.0,0.0,564192.6,debit,Bank of Baroda,76469732163180_000037,,False
52401335283,Rekha Yadav,MAHB0207246,18/03/2025,20:54:59,UPI/262949036904/DR/AIRTEL/CNRB/airtel.recharge@airtel@cnrb0522590.ifsc.npci/UPI,,,262949036904,,1828.0,0.0,203024.0,debit,Bank of Maharashtra,52401335283_000040,,False
6874988816602204,AISHWARYA MEHTA,PUNB0194660,19/03/2025,,UPI/133286445278/P2A/bescom.bill@upi@idfb0159220.ifsc.npci/BESCOM CDCI CDCI,,,133286445278,,429.0,0.0,333067.0,debit,Punjab National Bank,6874988816602204_000042,,False
51703956546,BHAVANA RAO,IDFB0462312,19/03/2025,22:49:15,UPI/MOB/312735647634/Pay request to Indianoil/fuelpay@ybl@barb0867217.ifsc.npci/INDIANOIL,,,312735647634,,4443.0,0.0,470901.9,debit,IDFC FIRST Bank,51703956546_000041,,False
21081385298452,SHIV LAL BISHNOI,UTIB0320972,20/03/2025,,UPI:PAY:997661530037/BIGBASKET         /State Bank,,,997661530037,,3866.0,0.0,692812.5,debit,Axis Bank,21081385298452_000044,,False
76469732163180,Anjali Sunita,BARB0508103,20/03/2025,20:57:25,UPI/715707509138/18:56:05/UPI/jio.mobile@ibl@cnrb0970563.ifsc.npci/Payment/JIO,,,715707509138,,4341.0,0.0,559851.6,debit,Bank of Baroda,76469732163180_000038,,False
21081385298452,SHIV LAL BISHNOI,UTIB0320972,21/03/2025,,MB NEFT/BARBN2503217686319/Anjali Sun/Anjali Sunita/,,BARBN2503217686319,BARBN2503217686319,,0.0,209072.1,901884.6,credit,Axis Bank,21081385298452_000045,,False
52401335283,Rekha Yadav,MAHB0207246,21/03/2025,,UPI/765118665105/DR/IRCTC/FDRL/irctc.pay@axisbank@fdrl0605513.ifsc.npci/UPI,,,765118665105,,1187.0,0.0,201837.0,debit,Bank of Maharashtra,52401335283_000041,,False
6874988816602204,AISHWARYA MEHTA,PUNB0194660,21/03/2025,,UPI/601911922497/P2A/fuelpay@ybl@kkbk0590296.ifsc.npci/INDIANOIL CDCI CDCI,,,601911922497,,3671.0,0.0,329396.0,debit,Punjab National Bank,6874988816602204_000043,,False
76469732163180,Anjali Sunita,BARB0508103,21/03/2025,,DIGITA-MUMBAI/ NEFT-BARBN2503217686319-SHIV LAL BISHNOI,,BARBN2503217686319,BARBN2503217686319,,209072.1,0.0,350779.5,debit,Bank of Baroda,76469732163180_000039,,False
51703956546,BHAVANA RAO,IDFB0462312,22/03/2025,,ATM-NFS/CASH WITHDRAWAL/PUNE BRANCH ATM PUNE IN/340316940926/SELF,,,,,10000.0,0.0,460901.9,debit,IDFC FIRST Bank,51703956546_000042,,False
21081385298452,SHIV LAL BISHNOI,UTIB0320972,23/03/2025,,UPI:PAY:437937054362/PHARMACY          /Punjab Nat,,,437937054362,,2154.0,0.0,899730.6,debit,Axis Bank,21081385298452_000046,,False
52401335283,Rekha Yadav,MAHB0207246,23/03/2025,09:04:23,UPI/784099197258/DR/AIRTEL/KKBK/airtel.recharge@airtel@kkbk0875483.ifsc.npci/UPI,,,784099197258,,2250.0,0.0,199587.0,debit,Bank of Maharashtra,52401335283_000042,,False
76469732163180,Anjali Sunita,BARB0508103,23/03/2025,10:55:03,CWDR/691817504252/23-03-2025 22:25:57/CMN,,,,,15000.0,0.0,335779.5,debit,Bank of Baroda,76469732163180_000040,,False
51703956546,BHAVANA RAO,IDFB0462312,24/03/2025,,UPI/MOB/497782503473/Pay request to Jio/jio.mobile@ibl@barb0450512.ifsc.npci/JIO,,,497782503473,,1764.0,0.0,459137.9,debit,IDFC FIRST Bank,51703956546_000043,,False
52401335283,Rekha Yadav,MAHB0207246,24/03/2025,,NACH DR-0199178060-BAJAJ FINANCE EMI-335283,,,,,21400.0,0.0,178187.0,debit,Bank of Maharashtra,52401335283_000043,,False
6874988816602204,AISHWARYA MEHTA,PUNB0194660,24/03/2025,,UPI/309758885035/P2A/irctc.pay@axisbank@mahb0331287.ifsc.npci/Irctc CDCI CDCI/IRCTC,,,309758885035,,4260.0,0.0,325136.0,debit,Punjab National Bank,6874988816602204_000044,,False
21081385298452,SHIV LAL BISHNOI,UTIB0320972,25/03/2025,,UPI:PAY:385484258916/BIGBASKET         /Canara Ban,,,385484258916,,2610.0,0.0,897120.6,debit,Axis Bank,21081385298452_000047,,False
21081385298452,SHIV LAL BISHNOI,UTIB0320972,26/03/2025,,UPI:PAY:742073701671/Pharmacy          /HDFC Bank/PHARMACY,,,742073701671,,3798.0,0.0,893322.6,debit,Axis Bank,21081385298452_000048,,False
52401335283,Rekha Yadav,MAHB0207246,26/03/2025,,UPI/290862178887/DR/BIGBASKET/HDFC/bbdaily@okhdfcbank@hdfc0305343.ifsc.npci/UPI,,,290862178887,,3422.0,0.0,174765.0,debit,Bank of Maharashtra,52401335283_000044,,False
76469732163180,Anjali Sunita,BARB0508103,26/03/2025,,UPI/268819417496/16:19:43/UPI/jio.mobile@ibl@cnrb0637509.ifsc.npci/Payment/JIO,,,268819417496,,2639.0,0.0,333140.5,debit,Bank of Baroda,76469732163180_000041,,False
21081385298452,SHIV LAL BISHNOI,UTIB0320972,27/03/2025,,UPI:PAY:133560702084/PHARMACY          /Canara Ban,,,133560702084,,1051.0,0.0,892271.6,debit,Axis Bank,21081385298452_000049,,False
51703956546,BHAVANA RAO,IDFB0462312,27/03/2025,08:54:52,UPI/MOB/445086327457/Pay request to JIO/jio.mobile@ibl@punb0324304.ifsc.npci,,,445086327457,,1717.0,0.0,457420.9,debit,IDFC FIRST Bank,51703956546_000044,,False
6874988816602204,AISHWARYA MEHTA,PUNB0194660,27/03/2025,13:04:55,ATM WDR 6678 PNB \PNB JODHPUR \ JODHPUR CDCI CDCI,,,,,10000.0,0.0,315136.0,debit,Punjab National Bank,6874988816602204_000045,,False
76469732163180,Anjali Sunita,BARB0508103,28/03/2025,,CWDR/362644865660/28-03-2025 21:03:56/CMN,,,,,8000.0,0.0,325140.5,debit,Bank of Baroda,76469732163180_000042,,False
21081385298452,SHIV LAL BISHNOI,UTIB0320972,29/03/2025,,UPI:PAY:512140415627/Bigbasket         /HDFC Bank/BIGBASKET,,,512140415627,,4309.0,0.0,887962.6,debit,Axis Bank,21081385298452_000050,,False
52401335283,Rekha Yadav,MAHB0207246,29/03/2025,,NACH DR-1360554462-BAJAJ FINANCE EMI-335283,,,,,7500.0,0.0,167265.0,debit,Bank of Maharashtra,52401335283_000045,,False
6874988816602204,AISHWARYA MEHTA,PUNB0194660,29/03/2025,,UPI/271352787711/P2A/jio.mobile@ibl@mahb0501230.ifsc.npci/Jio CDCI CDCI/JIO,,,271352787711,,942.0,0.0,314194.0,debit,Punjab National Bank,6874988816602204_000046,,False
76469732163180,Anjali Sunita,BARB0508103,29/03/2025,,UPI/306059388641/21:30:49/UPI/bbdaily@okhdfcbank@idib0313118.ifsc.npci/Payment/BIGBASKET,,,306059388641,,3534.0,0.0,321606.5,debit,Bank of Baroda,76469732163180_000043,,False
6874988816602204,AISHWARYA MEHTA,PUNB0194660,30/03/2025,,UPI/165993456420/P2A/fuelpay@ybl@mahb0216255.ifsc.npci/Indianoil CDCI CDCI/INDIANOIL,,,165993456420,,3586.0,0.0,310608.0,debit,Punjab National Bank,6874988816602204_000047,,False
51703956546,BHAVANA RAO,IDFB0462312,30/03/2025,08:28:09,UPI/MOB/737223967661/Pay request to Pharmacy/medplus@ybl@mahb0801515.ifsc.npci/PHARMACY,,,737223967661,,174.0,0.0,457246.9,debit,IDFC FIRST Bank,51703956546_000045,,False
21081385298452,SHIV LAL BISHNOI,UTIB0320972,31/03/2025,,UPI:PAY:889402452298/DMART             /Canara Ban,,,889402452298,,137.0,0.0,887825.6,debit,Axis Bank,21081385298452_000051,,False
6874988816602204,AISHWARYA MEHTA,PUNB0194660,31/03/2025,,UPI/284076324891/P2A/jio.mobile@ibl@kkbk0225935.ifsc.npci/JIO CDCI CDCI,,,284076324891,,2783.0,0.0,307825.0,debit,Punjab National Bank,6874988816602204_000048,,False
52401335283,Rekha Yadav,MAHB0207246,01/04/2025,,UPI/597585267653/DR/JIO/PUNB/jio.mobile@ibl@punb0868328.ifsc.npci/UPI,,,597585267653,,1900.0,0.0,165365.0,debit,Bank of Maharashtra,52401335283_000046,,False
76469732163180,Anjali Sunita,BARB0508103,01/04/2025,,UPI/020544647225/13:17:02/UPI/bescom.bill@upi@kkbk0157284.ifsc.npci/Payment/BESCOM,,,020544647225,,2859.0,0.0,318747.5,debit,Bank of Baroda,76469732163180_000044,,False
51703956546,BHAVANA RAO,IDFB0462312,02/04/2025,,UPI/MOB/270303711654/Pay request to INDIANOIL/fuelpay@ybl@idib0883399.ifsc.npci,,,270303711654,,2205.0,0.0,455041.9,debit,IDFC FIRST Bank,51703956546_000046,,False
52401335283,Rekha Yadav,MAHB0207246,02/04/2025,,NACH DR-1534758023-ICICI BANK EMI-335283,,,,,11200.0,0.0,154165.0,debit,Bank of Maharashtra,52401335283_000047,,False
76469732163180,Anjali Sunita,BARB0508103,02/04/2025,,UPI/542146027008/20:37:26/UPI/medplus@ybl@utib0493402.ifsc.npci/Payment/PHARMACY,,,542146027008,,4488.0,0.0,314259.5,debit,Bank of Baroda,76469732163180_000045,,False
21081385298452,SHIV LAL BISHNOI,UTIB0320972,03/04/2025,,NACH DR-1902608805-BAJAJ FINANCE EMI-298452,,,,,11200.0,0.0,876625.6,debit,Axis Bank,21081385298452_000052,,False
21081385298452,SHIV LAL BISHNOI,UTIB0320972,03/04/2025,,MB NEFT/UTIBN2504030478733/BHAVANA RA/BHAVANA RAO/,,UTIBN2504030478733,UTIBN2504030478733,,141184.0,0.0,735441.6,debit,Axis Bank,21081385298452_000053,,False
51703956546,BHAVANA RAO,IDFB0462312,03/04/2025,,UPI/MOB/772098705571/Pay request to AIRTEL/airtel.recharge@airtel@idib0547035.ifsc.npci,,,772098705571,,979.0,0.0,454062.9,debit,IDFC FIRST Bank,51703956546_000047,,False
51703956546,BHAVANA RAO,IDFB0462312,03/04/2025,,NEFT/UTIBN2504030478733/SHIV LAL BISHNOI/UTIB0320972,,UTIBN2504030478733,UTIBN2504030478733,,0.0,141184.0,595246.9,credit,IDFC FIRST Bank,51703956546_000048,,False
6874988816602204,AISHWARYA MEHTA,PUNB0194660,03/04/2025,,UPI/820758210440/P2A/airtel.recharge@airtel@idib0507383.ifsc.npci/AIRTEL CDCI CDCI,,,820758210440,,2882.0,0.0,304943.0,debit,Punjab National Bank,6874988816602204_000049,,False
51703956546,BHAVANA RAO,IDFB0462312,04/04/2025,,UPI/MOB/272769008086/Pay request to AIRTEL/airtel.recharge@airtel@kkbk0401200.ifsc.npci,,,272769008086,,1767.0,0.0,593479.9,debit,IDFC FIRST Bank,51703956546_000049,,False
76469732163180,Anjali Sunita,BARB0508103,04/04/2025,,UPI/022623274157/15:45:24/UPI/bbdaily@okhdfcbank@sbin0401970.ifsc.npci/Payment/BIGBASKET,,,022623274157,,806.0,0.0,313453.5,debit,Bank of Baroda,76469732163180_000046,,False
52401335283,Rekha Yadav,MAHB0207246,04/04/2025,19:46:07,CWDR/219180722770/04-04-2025 19:30:04/CMN,,,,,10000.0,0.0,144165.0,debit,Bank of Maharashtra,52401335283_000048,,False
51703956546,BHAVANA RAO,IDFB0462312,05/04/2025,,UPI/MOB/635511675352/Pay request to Pharmacy/medplus@ybl@hdfc0884924.ifsc.npci/PHARMACY,,,635511675352,,3636.0,0.0,589843.9,debit,IDFC FIRST Bank,51703956546_000050,,False
76469732163180,Anjali Sunita,BARB0508103,05/04/2025,08:22:30,CWDR/030381814878/05-04-2025 20:18:38/CMN,,,,,8000.0,0.0,305453.5,debit,Bank of Baroda,76469732163180_000047,,False
21081385298452,SHIV LAL BISHNOI,UTIB0320972,05/04/2025,13:24:06,UPI:PAY:340205784151/Pharmacy          /Federal Ba/PHARMACY,,,340205784151,,2377.0,0.0,733064.6,debit,Axis Bank,21081385298452_000054,,False
21081385298452,SHIV LAL BISHNOI,UTIB0320972,06/04/2025,,UPI:PAY:442622149714/BIGBASKET         /Canara Ban,,,442622149714,,1800.0,0.0,731264.6,debit,Axis Bank,21081385298452_000055,,False
51703956546,BHAVANA RAO,IDFB0462312,06/04/2025,,UPI/MOB/172271904048/Pay request to PHARMACY/medplus@ybl@sbin0526593.ifsc.npci,,,172271904048,,4218.0,0.0,585625.9,debit,IDFC FIRST Bank,51703956546_000051,,False
6874988816602204,AISHWARYA MEHTA,PUNB0194660,06/04/2025,,GST,,,,,59.0,0.0,304884.0,debit,Punjab National Bank,6874988816602204_000050,,False
52401335283,Rekha Yadav,MAHB0207246,07/04/2025,,UPI/062626941496/DR/BESCOM/IDFB/bescom.bill@upi@idfb0248812.ifsc.npci/UPI,,,062626941496,,2051.0,0.0,142114.0,debit,Bank of Maharashtra,52401335283_000049,,False
76469732163180,Anjali Sunita,BARB0508103,07/04/2025,,UPI/674928834042/14:51:58/UPI/medplus@ybl@cnrb0518784.ifsc.npci/Payment/PHARMACY,,,674928834042,,1933.0,0.0,303520.5,debit,Bank of Baroda,76469732163180_000048,,False
21081385298452,SHIV LAL BISHNOI,UTIB0320972,08/04/2025,,UPI:PAY:289957454573/Jio               /ICICI Bank/JIO,,,289957454573,,1496.0,0.0,729768.6,debit,Axis Bank,21081385298452_000056,,False
51703956546,BHAVANA RAO,IDFB0462312,08/04/2025,,UPI/MOB/021109405631/Pay request to INDIANOIL/fuelpay@ybl@punb0447615.ifsc.npci,,,021109405631,,2004.0,0.0,583621.9,debit,IDFC FIRST Bank,51703956546_000052,,False
51703956546,BHAVANA RAO,IDFB0462312,08/04/2025,,NEFT/IDFBN2504083092379/Anjali Sunita/BARB0508103,,IDFBN2504083092379,IDFBN2504083092379,,132172.7,0.0,451449.2,debit,IDFC FIRST Bank,51703956546_000053,,False
52401335283,Rekha Yadav,MAHB0207246,08/04/2025,,CWDR/743037462477/08-04-2025 14:50:57/CMN,,,,,15000.0,0.0,127114.0,debit,Bank of Maharashtra,52401335283_000050,,False
76469732163180,Anjali Sunita,BARB0508103,08/04/2025,,DIGITA-MUMBAI/ NEFT-IDFBN2504083092379-BHAVANA RAO,,IDFBN2504083092379,IDFBN2504083092379,,0.0,132172.7,435693.2,credit,Bank of Baroda,76469732163180_000049,,False
52401335283,Rekha Yadav,MAHB0207246,09/04/2025,,UPI/913795114788/DR/INDIANOIL/ICIC/fuelpay@ybl@icic0673909.ifsc.npci/UPI,,,913795114788,,111.0,0.0,127003.0,debit,Bank of Maharashtra,52401335283_000051,,False
6874988816602204,AISHWARYA MEHTA,PUNB0194660,09/04/2025,,NEFT/PUNBN2504097186164/CRYSTAL SUPPLY ENTERPRIS CDCI CDCI,,PUNBN2504097186164,PUNBN2504097186164,,0.0,84365.0,389249.0,credit,Punjab National Bank,6874988816602204_000051,,False
6874988816602204,AISHWARYA MEHTA,PUNB0194660,09/04/2025,,UPI/691180390320/P2A/jio.mobile@ibl@sbin0109269.ifsc.npci/JIO CDCI CDCI,,,691180390320,,2891.0,0.0,386358.0,debit,Punjab National Bank,6874988816602204_000052,,False
76469732163180,Anjali Sunita,BARB0508103,09/04/2025,,DIGITA-MUMBAI/ NEFT-BARBN2504097090737-NORTHERN TRADERS COMPANY,,BARBN2504097090737,BARBN2504097090737,,0.0,66607.0,502300.2,credit,Bank of Baroda,76469732163180_000050,,False
76469732163180,Anjali Sunita,BARB0508103,09/04/2025,12:41:14,UPI/472280479947/21:01:05/UPI/irctc.pay@axisbank@utib0152884.ifsc.npci/Payment/IRCTC,,,472280479947,,687.0,0.0,501613.2,debit,Bank of Baroda,76469732163180_000051,,False
51703956546,BHAVANA RAO,IDFB0462312,09/04/2025,15:12:30,NACH DR-8469071991-BAJAJ FINANCE EMI-956546,,,,,7500.0,0.0,443949.2,debit,IDFC FIRST Bank,51703956546_000054,,False
21081385298452,SHIV LAL BISHNOI,UTIB0320972,10/04/2025,,UPI:PAY:483130713188/PHARMACY          /Kotak Mahi,,,483130713188,,2052.0,0.0,727716.6,debit,Axis Bank,21081385298452_000057,,False
51703956546,BHAVANA RAO,IDFB0462312,10/04/2025,,NEFT/IDFBN2504103022108/BANSILAL TRADERS/CNRB0992713,,IDFBN2504103022108,IDFBN2504103022108,,0.0,74964.0,518913.2,credit,IDFC FIRST Bank,51703956546_000055,,False
52401335283,Rekha Yadav,MAHB0207246,10/04/2025,,Maa Enterprise MAHBN2504103385109 - 9008-NEFT/ RTGS CELL FDRL0858615 01978420446045,,MAHBN2504103385109,MAHBN2504103385109,,0.0,82999.0,210002.0,credit,Bank of Maharashtra,52401335283_000052,,False
76469732163180,Anjali Sunita,BARB0508103,10/04/2025,,UPI/050634453660/08:59:14/UPI/airtel.recharge@airtel@fdrl0284064.ifsc.npci/Payment/AIRTEL,,,050634453660,,4197.0,0.0,497416.2,debit,Bank of Baroda,76469732163180_000052,,False
21081385298452,SHIV LAL BISHNOI,UTIB0320972,11/04/2025,,MB NEFT/UTIBN2504113151073/BANSILAL T/BANSILAL TRADERS/,,UTIBN2504113151073,UTIBN2504113151073,,0.0,48754.0,776470.6,credit,Axis Bank,21081385298452_000058,,False
52401335283,Rekha Yadav,MAHB0207246,11/04/2025,,UPI/284550335145/DR/DMART/ICIC/dmart.pay@okaxis@icic0168322.ifsc.npci/UPI,,,284550335145,,2890.0,0.0,207112.0,debit,Bank of Maharashtra,52401335283_000053,,False
6874988816602204,AISHWARYA MEHTA,PUNB0194660,11/04/2025,,NACH DR-1556295746-HDFC BANK EMI-602204,,,,,11200.0,0.0,375158.0,debit,Punjab National Bank,6874988816602204_000053,,False
51703956546,BHAVANA RAO,IDFB0462312,12/04/2025,,UPI/MOB/218435063240/Pay request to INDIANOIL/fuelpay@ybl@sbin0517509.ifsc.npci,,,218435063240,,1770.0,0.0,517143.2,debit,IDFC FIRST Bank,51703956546_000056,,False
52401335283,Rekha Yadav,MAHB0207246,12/04/2025,,NACH DR-9481924972-HDFC BANK EMI-335283,,,,,15850.0,0.0,191262.0,debit,Bank of Maharashtra,52401335283_000054,,False
21081385298452,SHIV LAL BISHNOI,UTIB0320972,13/04/2025,,UPI:PAY:720975744298/BIGBASKET         /IDFC FIRST,,,720975744298,,4105.0,0.0,772365.6,debit,Axis Bank,21081385298452_000059,,False
76469732163180,Anjali Sunita,BARB0508103,13/04/2025,,UPI/617821258796/09:12:06/UPI/medplus@ybl@mahb0240445.ifsc.npci/Payment/PHARMACY,,,617821258796,,1792.0,0.0,495624.2,debit,Bank of Baroda,76469732163180_000053,,False
6874988816602204,AISHWARYA MEHTA,PUNB0194660,13/04/2025,08:29:20,UPI/827747793201/P2A/bbdaily@okhdfcbank@idib0191434.ifsc.npci/BIGBASKET CDCI CDCI,,,827747793201,,464.0,0.0,374694.0,debit,Punjab National Bank,6874988816602204_000054,,False
51703956546,BHAVANA RAO,IDFB0462312,15/04/2025,,ATM-NFS/CASH WITHDRAWAL/LUCKNOW BRANCH ATM LUCKNOW IN/808795989575/SELF,,,,,5000.0,0.0,512143.2,debit,IDFC FIRST Bank,51703956546_000057,,False
52401335283,Rekha Yadav,MAHB0207246,15/04/2025,,UPI/953164059619/DR/DMART/HDFC/dmart.pay@okaxis@hdfc0828179.ifsc.npci/UPI,,,953164059619,,362.0,0.0,190900.0,debit,Bank of Maharashtra,52401335283_000055,,False
76469732163180,Anjali Sunita,BARB0508103,15/04/2025,,UPI/579582327492/16:46:03/UPI/irctc.pay@axisbank@mahb0455441.ifsc.npci/Payment/IRCTC,,,579582327492,,3589.0,0.0,492035.2,debit,Bank of Baroda,76469732163180_000054,,False
21081385298452,SHIV LAL BISHNOI,UTIB0320972,16/04/2025,,UPI:PAY:982247146404/Dmart             /Bank of Ma/DMART,,,982247146404,,4233.0,0.0,768132.6,debit,Axis Bank,21081385298452_000060,,False
6874988816602204,AISHWARYA MEHTA,PUNB0194660,16/04/2025,,ATM WDR 8309 PNB \PNB KOZHIKODE \ KOZHIKODE CDCI CDCI,,,,,10000.0,0.0,364694.0,debit,Punjab National Bank,6874988816602204_000055,,False
21081385298452,SHIV LAL BISHNOI,UTIB0320972,17/04/2025,,MB NEFT/BARBN2504174816506/Anjali Sun/Anjali Sunita/,,BARBN2504174816506,BARBN2504174816506,,0.0,131801.9,899934.5,credit,Axis Bank,21081385298452_000061,,False
52401335283,Rekha Yadav,MAHB0207246,17/04/2025,,UPI/968470608187/DR/AIRTEL/HDFC/airtel.recharge@airtel@hdfc0718352.ifsc.npci/UPI,,,968470608187,,3882.0,0.0,187018.0,debit,Bank of Maharashtra,52401335283_000056,,False
6874988816602204,AISHWARYA MEHTA,PUNB0194660,17/04/2025,,UPI/372778123690/P2A/airtel.recharge@airtel@cnrb0518504.ifsc.npci/AIRTEL CDCI CDCI,,,372778123690,,849.0,0.0,363845.0,debit,Punjab National Bank,6874988816602204_000056,,False
76469732163180,Anjali Sunita,BARB0508103,17/04/2025,,DIGITA-MUMBAI/ NEFT-BARBN2504174816506-SHIV LAL BISHNOI,,BARBN2504174816506,BARBN2504174816506,,131801.9,0.0,360233.3,debit,Bank of Baroda,76469732163180_000055,,False
51703956546,BHAVANA RAO,IDFB0462312,18/04/2025,,UPI/MOB/892669026128/Pay request to JIO/jio.mobile@ibl@idib0775910.ifsc.npci,,,892669026128,,3348.0,0.0,508795.2,debit,IDFC FIRST Bank,51703956546_000058,,False
6874988816602204,AISHWARYA MEHTA,PUNB0194660,18/04/2025,,ATM WDR 7220 PNB \PNB JAIPUR \ JAIPUR CDCI CDCI,,,,,10000.0,0.0,353845.0,debit,Punjab National Bank,6874988816602204_000057,,False
76469732163180,Anjali Sunita,BARB0508103,18/04/2025,,UPI/598302782799/09:12:43/UPI/dmart.pay@okaxis@kkbk0373603.ifsc.npci/Payment/DMART,,,598302782799,,1258.0,0.0,358975.3,debit,Bank of Baroda,76469732163180_000056,,False
52401335283,Rekha Yadav,MAHB0207246,19/04/2025,,UPI/743984300108/DR/BESCOM/CNRB/bescom.bill@upi@cnrb0864647.ifsc.npci/UPI,,,743984300108,,2665.0,0.0,184353.0,debit,Bank of Maharashtra,52401335283_000057,,False
6874988816602204,AISHWARYA MEHTA,PUNB0194660,19/04/2025,,UPI/104848034521/P2A/fuelpay@ybl@mahb0139343.ifsc.npci/Indianoil CDCI CDCI/INDIANOIL,,,104848034521,,3766.0,0.0,350079.0,debit,Punjab National Bank,6874988816602204_000058,,False
76469732163180,Anjali Sunita,BARB0508103,19/04/2025,,UPI/188648716298/14:54:57/UPI/irctc.pay@axisbank@fdrl0751422.ifsc.npci/Payment/IRCTC,,,188648716298,,460.0,0.0,358515.3,debit,Bank of Baroda,76469732163180_000057,,False
21081385298452,SHIV LAL BISHNOI,UTIB0320972,19/04/2025,20:37:16,UPI:PAY:981158824990/Pharmacy          /Bank of Ba/PHARMACY,,,981158824990,,2906.0,0.0,897028.5,debit,Axis Bank,21081385298452_000062,,False
51703956546,BHAVANA RAO,IDFB0462312,20/04/2025,,UPI/MOB/205100327804/Pay request to Dmart/dmart.pay@okaxis@icic0714144.ifsc.npci/DMART,,,205100327804,,3602.0,0.0,505193.2,debit,IDFC FIRST Bank,51703956546_000059,,False
76469732163180,Anjali Sunita,BARB0508103,20/04/2025,,UPI/308997306696/10:36:12/UPI/medplus@ybl@utib0977459.ifsc.npci/Payment/PHARMACY,,,308997306696,,3276.0,0.0,355239.3,debit,Bank of Baroda,76469732163180_000058,,False
21081385298452,SHIV LAL BISHNOI,UTIB0320972,21/04/2025,,UPI:PAY:641634983789/Bescom            /Bank of Ba/BESCOM,,,641634983789,,3857.0,0.0,893171.5,debit,Axis Bank,21081385298452_000063,,False
52401335283,Rekha Yadav,MAHB0207246,21/04/2025,,UPI/199322020904/DR/AIRTEL/UTIB/airtel.recharge@airtel@utib0234664.ifsc.npci/UPI,,,199322020904,,1152.0,0.0,183201.0,debit,Bank of Maharashtra,52401335283_000058,,False
6874988816602204,AISHWARYA MEHTA,PUNB0194660,21/04/2025,10:44:53,UPI/956352169217/P2A/airtel.recharge@airtel@hdfc0308510.ifsc.npci/Airtel CDCI CDCI/AIRTEL,,,956352169217,,1011.0,0.0,349068.0,debit,Punjab National Bank,6874988816602204_000059,,False
51703956546,BHAVANA RAO,IDFB0462312,22/04/2025,,UPI/MOB/977313580875/Pay request to Irctc/irctc.pay@axisbank@barb0658245.ifsc.npci/IRCTC,,,977313580875,,3829.0,0.0,501364.2,debit,IDFC FIRST Bank,51703956546_000060,,False
6874988816602204,AISHWARYA MEHTA,PUNB0194660,22/04/2025,,NACH DR-5780342272-HDFC BANK EMI-602204,,,,,7500.0,0.0,341568.0,debit,Punjab National Bank,6874988816602204_000060,,False
76469732163180,Anjali Sunita,BARB0508103,22/04/2025,,UPI/212232466462/18:09:53/UPI/fuelpay@ybl@fdrl0852477.ifsc.npci/Payment/INDIANOIL,,,212232466462,,306.0,0.0,354933.3,debit,Bank of Baroda,76469732163180_000059,,False
51703956546,BHAVANA RAO,IDFB0462312,23/04/2025,,UPI/MOB/578339330840/Pay request to PHARMACY/medplus@ybl@punb0989320.ifsc.npci,,,578339330840,,4163.0,0.0,497201.2,debit,IDFC FIRST Bank,51703956546_000061,,False
52401335283,Rekha Yadav,MAHB0207246,23/04/2025,,UPI/471078952135/DR/JIO/ICIC/jio.mobile@ibl@icic0906137.ifsc.npci/UPI,,,471078952135,,1074.0,0.0,182127.0,debit,Bank of Maharashtra,52401335283_000059,,False
76469732163180,Anjali Sunita,BARB0508103,23/04/2025,,UPI/473729930739/13:16:05/UPI/jio.mobile@ibl@hdfc0455515.ifsc.npci/Payment/JIO,,,473729930739,,2854.0,0.0,352079.3,debit,Bank of Baroda,76469732163180_000060,,False
21081385298452,SHIV LAL BISHNOI,UTIB0320972,23/04/2025,09:07:12,NFSCWD ATM 6NJODHPUR/985288670281/20:48:59/JODHPUR,,,,,10000.0,0.0,883171.5,debit,Axis Bank,21081385298452_000064,,False
51703956546,BHAVANA RAO,IDFB0462312,24/04/2025,,UPI/MOB/341759742163/Pay request to AIRTEL/airtel.recharge@airtel@cnrb0176415.ifsc.npci,,,341759742163,,662.0,0.0,496539.2,debit,IDFC FIRST Bank,51703956546_000062,,False
6874988816602204,AISHWARYA MEHTA,PUNB0194660,25/04/2025,,UPI/910178166632/P2A/bbdaily@okhdfcbank@idib0211667.ifsc.npci/BIGBASKET CDCI CDCI,,,910178166632,,1264.0,0.0,340304.0,debit,Punjab National Bank,6874988816602204_000061,,False
76469732163180,Anjali Sunita,BARB0508103,25/04/2025,,UPI/750022535927/10:51:28/UPI/medplus@ybl@mahb0134156.ifsc.npci/Payment/PHARMACY,,,750022535927,,4466.0,0.0,347613.3,debit,Bank of Baroda,76469732163180_000061,,False
21081385298452,SHIV LAL BISHNOI,UTIB0320972,26/04/2025,,UPI:PAY:434474610565/BESCOM            /Indian Ban,,,434474610565,,2069.0,0.0,881102.5,debit,Axis Bank,21081385298452_000065,,False
52401335283,Rekha Yadav,MAHB0207246,26/04/2025,09:42:20,UPI/111419123728/DR/DMART/BARB/dmart.pay@okaxis@barb0540932.ifsc.npci/UPI,,,111419123728,,3681.0,0.0,178446.0,debit,Bank of Maharashtra,52401335283_000060,,False
76469732163180,Anjali Sunita,BARB0508103,27/04/2025,,UPI/062286691050/14:04:00/UPI/airtel.recharge@airtel@mahb0209624.ifsc.npci/Payment/AIRTEL,,,062286691050,,2513.0,0.0,345100.3,debit,Bank of Baroda,76469732163180_000062,,False
51703956546,BHAVANA RAO,IDFB0462312,27/04/2025,17:11:31,UPI/MOB/613107227524/Pay request to Irctc/irctc.pay@axisbank@barb0459446.ifsc.npci/IRCTC,,,613107227524,,1180.0,0.0,495359.2,debit,IDFC FIRST Bank,51703956546_000063,,False
21081385298452,SHIV LAL BISHNOI,UTIB0320972,28/04/2025,,MB NEFT/UTIBN2504281271402/BHAVANA RA/BHAVANA RAO/,,UTIBN2504281271402,UTIBN2504281271402,,228292.0,0.0,652810.5,debit,Axis Bank,21081385298452_000066,,False
51703956546,BHAVANA RAO,IDFB0462312,28/04/2025,,NEFT/UTIBN2504281271402/SHIV LAL BISHNOI/UTIB0320972,,UTIBN2504281271402,UTIBN2504281271402,,0.0,228292.0,723651.2,credit,IDFC FIRST Bank,51703956546_000064,,False
52401335283,Rekha Yadav,MAHB0207246,28/04/2025,,UPI/937677640835/DR/BESCOM/KKBK/bescom.bill@upi@kkbk0445705.ifsc.npci/UPI,,,937677640835,,2539.0,0.0,175907.0,debit,Bank of Maharashtra,52401335283_000061,,False
6874988816602204,AISHWARYA MEHTA,PUNB0194660,28/04/2025,12:28:12,UPI/458675539060/P2A/medplus@ybl@icic0443739.ifsc.npci/Pharmacy CDCI CDCI/PHARMACY,,,458675539060,,4140.0,0.0,336164.0,debit,Punjab National Bank,6874988816602204_000062,,False
21081385298452,SHIV LAL BISHNOI,UTIB0320972,29/04/2025,,UPI:PAY:431664025720/Airtel            /Bank of Ma/AIRTEL,,,431664025720,,1048.0,0.0,651762.5,debit,Axis Bank,21081385298452_000067,,False
76469732163180,Anjali Sunita,BARB0508103,29/04/2025,10:55:57,UPI/660343167828/20:33:41/UPI/medplus@ybl@fdrl0924151.ifsc.npci/Payment/PHARMACY,,,660343167828,,2929.0,0.0,342171.3,debit,Bank of Baroda,76469732163180_000063,,False
52401335283,Rekha Yadav,MAHB0207246,29/04/2025,11:01:12,UPI/753394794026/DR/DMART/KKBK/dmart.pay@okaxis@kkbk0757182.ifsc.npci/UPI,,,753394794026,,3634.0,0.0,172273.0,debit,Bank of Maharashtra,52401335283_000062,,False
6874988816602204,AISHWARYA MEHTA,PUNB0194660,29/04/2025,14:18:16,ATM WDR 6559 PNB \PNB JODHPUR \ JODHPUR CDCI CDCI,,,,,8000.0,0.0,328164.0,debit,Punjab National Bank,6874988816602204_000063,,False
21081385298452,SHIV LAL BISHNOI,UTIB0320972,30/04/2025,,NFSCWD ATM 6NLUCKNOW/800483210107/15:54:10/LUCKNOW,,,,,15000.0,0.0,636762.5,debit,Axis Bank,21081385298452_000068,,False
51703956546,BHAVANA RAO,IDFB0462312,30/04/2025,,UPI/MOB/662004476882/Pay request to BIGBASKET/bbdaily@okhdfcbank@idfb0802966.ifsc.npci,,,662004476882,,738.0,0.0,722913.2,debit,IDFC FIRST Bank,51703956546_000065,,False
52401335283,Rekha Yadav,MAHB0207246,30/04/2025,,UPI/380014063671/DR/JIO/IDIB/jio.mobile@ibl@idib0852735.ifsc.npci/UPI,,,380014063671,,2069.0,0.0,170204.0,debit,Bank of Maharashtra,52401335283_000063,,False
6874988816602204,AISHWARYA MEHTA,PUNB0194660,30/04/2025,,ATM WDR 9727 PNB \PNB KOZHIKODE \ KOZHIKODE CDCI CDCI,,,,,8000.0,0.0,320164.0,debit,Punjab National Bank,6874988816602204_000064,,False
6874988816602204,AISHWARYA MEHTA,PUNB0194660,01/05/2025,22:34:59,UPI/766694779128/P2A/fuelpay@ybl@sbin0428562.ifsc.npci/INDIANOIL CDCI CDCI,,,766694779128,,173.0,0.0,319991.0,debit,Punjab National Bank,6874988816602204_000065,,False
51703956546,BHAVANA RAO,IDFB0462312,02/05/2025,,UPI/MOB/057712333204/Pay request to DMART/dmart.pay@okaxis@punb0533618.ifsc.npci,,,057712333204,,1533.0,0.0,721380.2,debit,IDFC FIRST Bank,51703956546_000066,,False
52401335283,Rekha Yadav,MAHB0207246,02/05/2025,,UPI/273366771878/DR/AIRTEL/BARB/airtel.recharge@airtel@barb0530325.ifsc.npci/UPI,,,273366771878,,638.0,0.0,169566.0,debit,Bank of Maharashtra,52401335283_000064,,False
76469732163180,Anjali Sunita,BARB0508103,02/05/2025,,UPI/270121442695/19:08:50/UPI/jio.mobile@ibl@barb0601046.ifsc.npci/Payment/JIO,,,270121442695,,2361.0,0.0,339810.3,debit,Bank of Baroda,76469732163180_000064,,False
51703956546,BHAVANA RAO,IDFB0462312,03/05/2025,,NEFT/IDFBN2505036248433/Anjali Sunita/BARB0508103,,IDFBN2505036248433,IDFBN2505036248433,,213319.1,0.0,508061.1,debit,IDFC FIRST Bank,51703956546_000067,,False
52401335283,Rekha Yadav,MAHB0207246,03/05/2025,,CWDR/243303263481/03-05-2025 18:09:05/CMN,,,,,5000.0,0.0,164566.0,debit,Bank of Maharashtra,52401335283_000065,,False
76469732163180,Anjali Sunita,BARB0508103,03/05/2025,,DIGITA-MUMBAI/ NEFT-IDFBN2505036248433-BHAVANA RAO,,IDFBN2505036248433,IDFBN2505036248433,,0.0,213319.1,553129.4,credit,Bank of Baroda,76469732163180_000065,,False
21081385298452,SHIV LAL BISHNOI,UTIB0320972,03/05/2025,15:16:11,UPI:PAY:213512000735/Jio               /Bank of Ba/JIO,,,213512000735,,4185.0,0.0,632577.5,debit,Axis Bank,21081385298452_000069,,False
6874988816602204,AISHWARYA MEHTA,PUNB0194660,04/05/2025,,UPI/649838948462/P2A/fuelpay@ybl@idib0874243.ifsc.npci/INDIANOIL CDCI CDCI,,,649838948462,,3558.0,0.0,316433.0,debit,Punjab National Bank,6874988816602204_000066,,False
76469732163180,Anjali Sunita,BARB0508103,04/05/2025,,UPI/815803126789/16:56:34/UPI/airtel.recharge@airtel@mahb0492212.ifsc.npci/Payment/AIRTEL,,,815803126789,,992.0,0.0,552137.4,debit,Bank of Baroda,76469732163180_000066,,False
21081385298452,SHIV LAL BISHNOI,UTIB0320972,05/05/2025,,UPI:PAY:924866350243/IRCTC             /Punjab Nat,,,924866350243,,2310.0,0.0,630267.5,debit,Axis Bank,21081385298452_000070,,False
51703956546,BHAVANA RAO,IDFB0462312,05/05/2025,,UPI/MOB/376804227401/Pay request to BESCOM/bescom.bill@upi@utib0289822.ifsc.npci,,,376804227401,,3856.0,0.0,504205.1,debit,IDFC FIRST Bank,51703956546_000068,,False
52401335283,Rekha Yadav,MAHB0207246,05/05/2025,,UPI/908514477527/DR/PHARMACY/PUNB/medplus@ybl@punb0565544.ifsc.npci/UPI,,,908514477527,,1257.0,0.0,163309.0,debit,Bank of Maharashtra,52401335283_000066,,False
6874988816602204,AISHWARYA MEHTA,PUNB0194660,05/05/2025,,UPI/743065544038/P2A/dmart.pay@okaxis@icic0475400.ifsc.npci/Dmart CDCI CDCI/DMART,,,743065544038,,465.0,0.0,315968.0,debit,Punjab National Bank,6874988816602204_000067,,False
76469732163180,Anjali Sunita,BARB0508103,05/05/2025,,UPI/695702800687/09:07:03/UPI/fuelpay@ybl@fdrl0378337.ifsc.npci/Payment/INDIANOIL,,,695702800687,,4386.0,0.0,547751.4,debit,Bank of Baroda,76469732163180_000067,,False
21081385298452,SHIV LAL BISHNOI,UTIB0320972,06/05/2025,,UPI:PAY:617711669420/Jio               /Federal Ba/JIO,,,617711669420,,1039.0,0.0,629228.5,debit,Axis Bank,21081385298452_000071,,False
76469732163180,Anjali Sunita,BARB0508103,06/05/2025,,UPI/793300782636/08:33:18/UPI/fuelpay@ybl@utib0585796.ifsc.npci/Payment/INDIANOIL,,,793300782636,,1380.0,0.0,546371.4,debit,Bank of Baroda,76469732163180_000068,,False
21081385298452,SHIV LAL BISHNOI,UTIB0320972,07/05/2025,,UPI:PAY:123035838330/Airtel            /Bank of Ba/AIRTEL,,,123035838330,,2193.0,0.0,627035.5,debit,Axis Bank,21081385298452_000072,,False
52401335283,Rekha Yadav,MAHB0207246,07/05/2025,,NACH DR-6373527621-HDFC BANK EMI-335283,,,,,7500.0,0.0,155809.0,debit,Bank of Maharashtra,52401335283_000067,,False
6874988816602204,AISHWARYA MEHTA,PUNB0194660,07/05/2025,,UPI/386826529596/P2A/irctc.pay@axisbank@barb0979892.ifsc.npci/Irctc CDCI CDCI/IRCTC,,,386826529596,,1545.0,0.0,314423.0,debit,Punjab National Bank,6874988816602204_000068,,False
76469732163180,Anjali Sunita,BARB0508103,07/05/2025,,UPI/277792253194/08:23:07/UPI/jio.mobile@ibl@mahb0835569.ifsc.npci/Payment/JIO,,,277792253194,,2106.0,0.0,544265.4,debit,Bank of Baroda,76469732163180_000069,,False
21081385298452,SHIV LAL BISHNOI,UTIB0320972,08/05/2025,,MB NEFT/UTIBN2505086852741/SUGARIFY A/SUGARIFY AGENCY/,,UTIBN2505086852741,UTIBN2505086852741,,0.0,72021.0,699056.5,credit,Axis Bank,21081385298452_000073,,False
21081385298452,SHIV LAL BISHNOI,UTIB0320972,08/05/2025,,UPI:PAY:237972197208/Indianoil         /Bank of Ma/INDIANOIL,,,237972197208,,99.0,0.0,698957.5,debit,Axis Bank,21081385298452_000074,,False
21081385298452,SHIV LAL BISHNOI,UTIB0320972,08/05/2025,,UPI:PAY:814380401890/AISHWARYA MEHTA   /Punjab Nat,,,814380401890,,42000.0,0.0,656957.5,debit,Axis Bank,21081385298452_000075,,False
51703956546,BHAVANA RAO,IDFB0462312,08/05/2025,,UPI/MOB/195366737048/Pay request to Irctc/irctc.pay@axisbank@barb0812100.ifsc.npci/IRCTC,,,195366737048,,3284.0,0.0,500921.1,debit,IDFC FIRST Bank,51703956546_000069,,False
6874988816602204,AISHWARYA MEHTA,PUNB0194660,08/05/2025,,NEFT/PUNBN2505085180732/LEGEND PRIME CDCI CDCI,,PUNBN2505085180732,PUNBN2505085180732,,0.0,52904.0,367327.0,credit,Punjab National Bank,6874988816602204_000069,,False
6874988816602204,AISHWARYA MEHTA,PUNB0194660,08/05/2025,,UPI/814380401890/P2V/21081385298452@utib0320972.ifsc.npci/SHIV LAL BISHNOI CDCI CDCI,,,814380401890,,0.0,42000.0,409327.0,credit,Punjab National Bank,6874988816602204_000070,,False
76469732163180,Anjali Sunita,BARB0508103,08/05/2025,,UPI/228520153596/10:25:43/UPI/airtel.recharge@airtel@icic0485763.ifsc.npci/Payment/AIRTEL,,,228520153596,,4318.0,0.0,539947.4,debit,Bank of Baroda,76469732163180_000070,,False
21081385298452,SHIV LAL BISHNOI,UTIB0320972,09/05/2025,,UPI:PAY:619649095040/BIGBASKET         /Axis Bank,,,619649095040,,323.0,0.0,656634.5,debit,Axis Bank,21081385298452_000076,,False
76469732163180,Anjali Sunita,BARB0508103,09/05/2025,,DIGITA-MUMBAI/ NEFT-BARBN2505090146905-RUDRAYA HOTEL,,BARBN2505090146905,BARBN2505090146905,,0.0,56261.0,596208.4,credit,Bank of Baroda,76469732163180_000071,,False
21081385298452,SHIV LAL BISHNOI,UTIB0320972,10/05/2025,,MB NEFT/BARBN2505100725681/Anjali Sun/Anjali Sunita/,,BARBN2505100725681,BARBN2505100725681,,0.0,216469.4,873103.9,credit,Axis Bank,21081385298452_000077,,False
51703956546,BHAVANA RAO,IDFB0462312,10/05/2025,,NEFT/IDFBN2505102474461/CARMEN TRINITY VENTURE/KKBK0582680,,IDFBN2505102474461,IDFBN2505102474461,,0.0,62222.0,563143.1,credit,IDFC FIRST Bank,51703956546_000070,,False
52401335283,Rekha Yadav,MAHB0207246,10/05/2025,,Sugarify Agency MAHBN2505102674070 - 9008-NEFT/ RTGS CELL ICIC0752861 593360739131,,MAHBN2505102674070,MAHBN2505102674070,,0.0,47816.0,203625.0,credit,Bank of Maharashtra,52401335283_000068,,False
52401335283,Rekha Yadav,MAHB0207246,10/05/2025,,UPI/510112308240/DR/IRCTC/IDFB/irctc.pay@axisbank@idfb0401589.ifsc.npci/UPI,,,510112308240,,1714.0,0.0,201911.0,debit,Bank of Maharashtra,52401335283_000069,,False
6874988816602204,AISHWARYA MEHTA,PUNB0194660,10/05/2025,,UPI/516738352835/P2A/airtel.recharge@airtel@kkbk0156308.ifsc.npci/AIRTEL CDCI CDCI,,,516738352835,,4422.0,0.0,404905.0,debit,Punjab National Bank,6874988816602204_000071,,False
76469732163180,Anjali Sunita,BARB0508103,10/05/2025,,DIGITA-MUMBAI/ NEFT-BARBN2505100725681-SHIV LAL BISHNOI,,BARBN2505100725681,BARBN2505100725681,,216469.4,0.0,379739.0,debit,Bank of Baroda,76469732163180_000072,,False
51703956546,BHAVANA RAO,IDFB0462312,10/05/2025,14:00:12,UPI/MOB/086812592106/Pay request to Indianoil/fuelpay@ybl@hdfc0587035.ifsc.npci/INDIANOIL,,,086812592106,,2512.0,0.0,560631.1,debit,IDFC FIRST Bank,51703956546_000071,,False
51703956546,BHAVANA RAO,IDFB0462312,11/05/2025,,ATM-NFS/CASH WITHDRAWAL/MYSORE BRANCH ATM MYSORE IN/646051300793/SELF,,,,,8000.0,0.0,552631.1,debit,IDFC FIRST Bank,51703956546_000072,,False
6874988816602204,AISHWARYA MEHTA,PUNB0194660,11/05/2025,13:34:09,UPI/566367169153/P2A/bescom.bill@upi@hdfc0636291.ifsc.npci/Bescom CDCI CDCI/BESCOM,,,566367169153,,2468.0,0.0,402437.0,debit,Punjab National Bank,6874988816602204_000072,,False
76469732163180,Anjali Sunita,BARB0508103,11/05/2025,19:53:52,UPI/334563734886/10:53:47/UPI/fuelpay@ybl@fdrl0865161.ifsc.npci/Payment/INDIANOIL,,,334563734886,,967.0,0.0,378772.0,debit,Bank of Baroda,76469732163180_000073,,False
6874988816602204,AISHWARYA MEHTA,PUNB0194660,12/05/2025,,UPI/219937631511/P2A/bbdaily@okhdfcbank@punb0694211.ifsc.npci/BIGBASKET CDCI CDCI,,,219937631511,,468.0,0.0,401969.0,debit,Punjab National Bank,6874988816602204_000073,,False
21081385298452,SHIV LAL BISHNOI,UTIB0320972,12/05/2025,10:47:47,UPI:PAY:305349695680/Indianoil         /Bank of Ba/INDIANOIL,,,305349695680,,3164.0,0.0,869939.9,debit,Axis Bank,21081385298452_000078,,False
52401335283,Rekha Yadav,MAHB0207246,13/05/2025,,UPI/878430983158/DR/BIGBASKET/HDFC/bbdaily@okhdfcbank@hdfc0307680.ifsc.npci/UPI,,,878430983158,,4083.0,0.0,197828.0,debit,Bank of Maharashtra,52401335283_000070,,False
51703956546,BHAVANA RAO,IDFB0462312,14/05/2025,,UPI/MOB/322073441771/Pay request to BIGBASKET/bbdaily@okhdfcbank@punb0796598.ifsc.npci,,,322073441771,,4099.0,0.0,548532.1,debit,IDFC FIRST Bank,51703956546_000073,,False
6874988816602204,AISHWARYA MEHTA,PUNB0194660,14/05/2025,,NACH DR-1805286393-BAJAJ FINANCE EMI-602204,,,,,21400.0,0.0,380569.0,debit,Punjab National Bank,6874988816602204_000074,,False
76469732163180,Anjali Sunita,BARB0508103,14/05/2025,,UPI/285285355663/22:07:11/UPI/bescom.bill@upi@cnrb0339324.ifsc.npci/Payment/BESCOM,,,285285355663,,165.0,0.0,378607.0,debit,Bank of Baroda,76469732163180_000074,,False
52401335283,Rekha Yadav,MAHB0207246,14/05/2025,12:49:01,UPI/842575475557/DR/DMART/SBIN/dmart.pay@okaxis@sbin0869079.ifsc.npci/UPI,,,842575475557,,3860.0,0.0,193968.0,debit,Bank of Maharashtra,52401335283_000071,,False
21081385298452,SHIV LAL BISHNOI,UTIB0320972,15/05/2025,,UPI:PAY:902034574785/INDIANOIL         /Axis Bank,,,902034574785,,3412.0,0.0,866527.9,debit,Axis Bank,21081385298452_000079,,False
51703956546,BHAVANA RAO,IDFB0462312,15/05/2025,,UPI/MOB/952129402152/Pay request to Airtel/airtel.recharge@airtel@mahb0798267.ifsc.npci/AIRTEL,,,952129402152,,2106.0,0.0,546426.1,debit,IDFC FIRST Bank,51703956546_000074,,False
6874988816602204,AISHWARYA MEHTA,PUNB0194660,15/05/2025,,ATM WDR 3255 PNB \PNB JAIPUR \ JAIPUR CDCI CDCI,,,,,5000.0,0.0,375569.0,debit,Punjab National Bank,6874988816602204_000075,,False
51703956546,BHAVANA RAO,IDFB0462312,16/05/2025,,UPI/MOB/379256864195/Pay request to Bescom/bescom.bill@upi@mahb0565866.ifsc.npci/BESCOM,,,379256864195,,3612.0,0.0,542814.1,debit,IDFC FIRST Bank,51703956546_000075,,False
52401335283,Rekha Yadav,MAHB0207246,16/05/2025,,UPI/871259947731/DR/PHARMACY/BARB/medplus@ybl@barb0978112.ifsc.npci/UPI,,,871259947731,,1472.0,0.0,192496.0,debit,Bank of Maharashtra,52401335283_000072,,False
51703956546,BHAVANA RAO,IDFB0462312,17/05/2025,,UPI/MOB/484947600200/Pay request to PHARMACY/medplus@ybl@sbin0907792.ifsc.npci,,,484947600200,,1817.0,0.0,540997.1,debit,IDFC FIRST Bank,51703956546_000076,,False
6874988816602204,AISHWARYA MEHTA,PUNB0194660,17/05/2025,,UPI/062664194878/P2A/dmart.pay@okaxis@icic0918903.ifsc.npci/Dmart CDCI CDCI/DMART,,,062664194878,,1513.0,0.0,374056.0,debit,Punjab National Bank,6874988816602204_000076,,False
76469732163180,Anjali Sunita,BARB0508103,17/05/2025,,NACH DR-7094402870-BAJAJ FINANCE EMI-163180,,,,,15850.0,0.0,362757.0,debit,Bank of Baroda,76469732163180_000075,,False
21081385298452,SHIV LAL BISHNOI,UTIB0320972,18/05/2025,,NFSCWD ATM 6NJAIPUR/265762446590/17:02:48/JAIPUR,,,,,8000.0,0.0,858527.9,debit,Axis Bank,21081385298452_000080,,False
6874988816602204,AISHWARYA MEHTA,PUNB0194660,18/05/2025,,SMS ALERT CHARGES NEW,,,,,9.0,0.0,374047.0,debit,Punjab National Bank,6874988816602204_000077,,False
76469732163180,Anjali Sunita,BARB0508103,18/05/2025,,UPI/569037796871/20:57:46/UPI/jio.mobile@ibl@utib0518565.ifsc.npci/Payment/JIO,,,569037796871,,265.0,0.0,362492.0,debit,Bank of Baroda,76469732163180_000076,,False
52401335283,Rekha Yadav,MAHB0207246,19/05/2025,,UPI/477851309690/DR/JIO/MAHB/jio.mobile@ibl@mahb0893805.ifsc.npci/UPI,,,477851309690,,4199.0,0.0,188297.0,debit,Bank of Maharashtra,52401335283_000073,,False
51703956546,BHAVANA RAO,IDFB0462312,20/05/2025,,UPI/MOB/599780820639/Pay request to Pharmacy/medplus@ybl@mahb0279833.ifsc.npci/PHARMACY,,,599780820639,,576.0,0.0,540421.1,debit,IDFC FIRST Bank,51703956546_000077,,False
6874988816602204,AISHWARYA MEHTA,PUNB0194660,20/05/2025,,UPI/403374113290/P2A/irctc.pay@axisbank@punb0720759.ifsc.npci/IRCTC CDCI CDCI,,,403374113290,,261.0,0.0,373786.0,debit,Punjab National Bank,6874988816602204_000078,,False
21081385298452,SHIV LAL BISHNOI,UTIB0320972,21/05/2025,,NFSCWD ATM 6NJAIPUR/015413967929/16:25:41/JAIPUR,,,,,15000.0,0.0,843527.9,debit,Axis Bank,21081385298452_000081,,False
52401335283,Rekha Yadav,MAHB0207246,21/05/2025,,UPI/073391564239/DR/JIO/UTIB/jio.mobile@ibl@utib0211533.ifsc.npci/UPI,,,073391564239,,3545.0,0.0,184752.0,debit,Bank of Maharashtra,52401335283_000074,,False
76469732163180,Anjali Sunita,BARB0508103,21/05/2025,12:59:45,UPI/958710205605/21:19:16/UPI/irctc.pay@axisbank@utib0133162.ifsc.npci/Payment/IRCTC,,,958710205605,,147.0,0.0,362345.0,debit,Bank of Baroda,76469732163180_000077,,False
51703956546,BHAVANA RAO,IDFB0462312,22/05/2025,,UPI/MOB/483575295182/Pay request to PHARMACY/medplus@ybl@idfb0556672.ifsc.npci,,,483575295182,,1757.0,0.0,538664.1,debit,IDFC FIRST Bank,51703956546_000078,,False
21081385298452,SHIV LAL BISHNOI,UTIB0320972,23/05/2025,,ECSRTNCHGS230525_SR763787745GST,,,,,18.0,0.0,843509.9,debit,Axis Bank,21081385298452_000082,,False
51703956546,BHAVANA RAO,IDFB0462312,23/05/2025,,UPI/MOB/042165910181/Pay request to AIRTEL/airtel.recharge@airtel@punb0228347.ifsc.npci,,,042165910181,,1827.0,0.0,536837.1,debit,IDFC FIRST Bank,51703956546_000079,,False
52401335283,Rekha Yadav,MAHB0207246,23/05/2025,,UPI/807052856861/DR/BESCOM/CNRB/bescom.bill@upi@cnrb0971342.ifsc.npci/UPI,,,807052856861,,663.0,0.0,184089.0,debit,Bank of Maharashtra,52401335283_000075,,False
76469732163180,Anjali Sunita,BARB0508103,23/05/2025,20:42:51,UPI/935102006841/13:48:16/UPI/medplus@ybl@sbin0250396.ifsc.npci/Payment/PHARMACY,,,935102006841,,3287.0,0.0,359058.0,debit,Bank of Baroda,76469732163180_000078,,False
21081385298452,SHIV LAL BISHNOI,UTIB0320972,24/05/2025,,NFSCWD ATM 6NPUNE/625524662142/09:53:06/PUNE,,,,,8000.0,0.0,835509.9,debit,Axis Bank,21081385298452_000083,,False
52401335283,Rekha Yadav,MAHB0207246,25/05/2025,,UPI/146372770259/DR/DMART/SBIN/dmart.pay@okaxis@sbin0264257.ifsc.npci/UPI,,,146372770259,,1527.0,0.0,182562.0,debit,Bank of Maharashtra,52401335283_000076,,False
51703956546,BHAVANA RAO,IDFB0462312,26/05/2025,,UPI/MOB/747436103587/Pay request to Irctc/irctc.pay@axisbank@barb0359604.ifsc.npci/IRCTC,,,747436103587,,3257.0,0.0,533580.1,debit,IDFC FIRST Bank,51703956546_000080,,False
76469732163180,Anjali Sunita,BARB0508103,26/05/2025,19:28:51,UPI/399364314047/13:10:39/UPI/bescom.bill@upi@utib0673483.ifsc.npci/Payment/BESCOM,,,399364314047,,251.0,0.0,358807.0,debit,Bank of Baroda,76469732163180_000079,,False
21081385298452,SHIV LAL BISHNOI,UTIB0320972,27/05/2025,,UPI:PAY:145537422647/BESCOM            /Kotak Mahi,,,145537422647,,369.0,0.0,835140.9,debit,Axis Bank,21081385298452_000084,,False
51703956546,BHAVANA RAO,IDFB0462312,27/05/2025,,UPI/MOB/999858233736/Pay request to Indianoil/fuelpay@ybl@fdrl0658905.ifsc.npci/INDIANOIL,,,999858233736,,1993.0,0.0,531587.1,debit,IDFC FIRST Bank,51703956546_000081,,False
76469732163180,Anjali Sunita,BARB0508103,27/05/2025,,MAB CHARGES,,,,,9.0,0.0,358798.0,debit,Bank of Baroda,76469732163180_000080,,False
52401335283,Rekha Yadav,MAHB0207246,28/05/2025,,UPI/813380801679/DR/BESCOM/SBIN/bescom.bill@upi@sbin0760235.ifsc.npci/UPI,,,813380801679,,1366.0,0.0,181196.0,debit,Bank of Maharashtra,52401335283_000077,,False
76469732163180,Anjali Sunita,BARB0508103,28/05/2025,,UPI/911443790796/11:22:57/UPI/airtel.recharge@airtel@punb0538633.ifsc.npci/Payment/AIRTEL,,,911443790796,,2234.0,0.0,356564.0,debit,Bank of Baroda,76469732163180_000081,,False
76469732163180,Anjali Sunita,BARB0508103,29/05/2025,,UPI/947472452041/17:32:20/UPI/bbdaily@okhdfcbank@punb0422785.ifsc.npci/Payment/BIGBASKET,,,947472452041,,1827.0,0.0,354737.0,debit,Bank of Baroda,76469732163180_000082,,False
21081385298452,SHIV LAL BISHNOI,UTIB0320972,30/05/2025,,UPI:PAY:292161180256/IRCTC             /Punjab Nat,,,292161180256,,3539.0,0.0,831601.9,debit,Axis Bank,21081385298452_000085,,False
51703956546,BHAVANA RAO,IDFB0462312,30/05/2025,,UPI/MOB/317845042136/Pay request to IRCTC/irctc.pay@axisbank@kkbk0568262.ifsc.npci,,,317845042136,,434.0,0.0,531153.1,debit,IDFC FIRST Bank,51703956546_000082,,False
76469732163180,Anjali Sunita,BARB0508103,30/05/2025,,UPI/543421915215/10:31:57/UPI/irctc.pay@axisbank@punb0537979.ifsc.npci/Payment/IRCTC,,,543421915215,,665.0,0.0,354072.0,debit,Bank of Baroda,76469732163180_000083,,False
21081385298452,SHIV LAL BISHNOI,UTIB0320972,31/05/2025,,UPI:PAY:382554471925/BESCOM            /Axis Bank,,,382554471925,,2347.0,0.0,829254.9,debit,Axis Bank,21081385298452_000086,,False
51703956546,BHAVANA RAO,IDFB0462312,01/06/2025,,UPI/MOB/324478038453/Pay request to Bescom/bescom.bill@upi@mahb0209006.ifsc.npci/BESCOM,,,324478038453,,1973.0,0.0,529180.1,debit,IDFC FIRST Bank,51703956546_000083,,False
76469732163180,Anjali Sunita,BARB0508103,02/06/2025,09:52:12,UPI/694579698003/13:09:06/UPI/airtel.recharge@airtel@hdfc0296450.ifsc.npci/Payment/AIRTEL,,,694579698003,,2773.0,0.0,351299.0,debit,Bank of Baroda,76469732163180_000084,,False
51703956546,BHAVANA RAO,IDFB0462312,04/06/2025,,UPI/MOB/074084164217/Pay request to Irctc/irctc.pay@axisbank@fdrl0467051.ifsc.npci/IRCTC,,,074084164217,,1516.0,0.0,527664.1,debit,IDFC FIRST Bank,51703956546_000084,,False
76469732163180,Anjali Sunita,BARB0508103,04/06/2025,,UPI/609509611074/16:10:26/UPI/medplus@ybl@idfb0415952.ifsc.npci/Payment/PHARMACY,,,609509611074,,2907.0,0.0,348392.0,debit,Bank of Baroda,76469732163180_000085,,False
51703956546,BHAVANA RAO,IDFB0462312,05/06/2025,,UPI/MOB/586153509273/Pay request to IRCTC/irctc.pay@axisbank@utib0568957.ifsc.npci,,,586153509273,,3778.0,0.0,523886.1,debit,IDFC FIRST Bank,51703956546_000085,,False
21081385298452,SHIV LAL BISHNOI,UTIB0320972,07/06/2025,,MB NEFT/UTIBN2506076999095/APEX COMME/APEX COMMERCE ENTERPRISE/,,UTIBN2506076999095,UTIBN2506076999095,,0.0,36255.0,865509.9,credit,Axis Bank,21081385298452_000087,,False
51703956546,BHAVANA RAO,IDFB0462312,07/06/2025,,NEFT/IDFBN2506070149323/Northern Traders Company/ICIC0154607,,IDFBN2506070149323,IDFBN2506070149323,,0.0,43021.0,566907.1,credit,IDFC FIRST Bank,51703956546_000086,,False
76469732163180,Anjali Sunita,BARB0508103,07/06/2025,,DIGITA-MUMBAI/ NEFT-BARBN2506077705339-SHREE KRISHNA MOBILE,,BARBN2506077705339,BARBN2506077705339,,0.0,70976.0,419368.0,credit,Bank of Baroda,76469732163180_000086,,False
21081385298452,SHIV LAL BISHNOI,UTIB0320972,08/06/2025,,21081385298452:Int.Pd:10-03-2025 to 07-06-2025,,,,,0.0,226.0,865735.9,credit,Axis Bank,21081385298452_000088,,False
51703956546,BHAVANA RAO,IDFB0462312,08/06/2025,,51703956546:Int.Pd:10-03-2025 to 07-06-2025,,,,,0.0,25.0,566932.1,credit,IDFC FIRST Bank,51703956546_000087,,False
76469732163180,Anjali Sunita,BARB0508103,08/06/2025,,76469732163180:Int.Pd:10-03-2025 to 07-06-2025,,,,,0.0,393.0,419761.0,credit,Bank of Baroda,76469732163180_000087,,False
52401335283,Rekha Yadav,MAHB0207246,10/06/2025,,TECHREVIVE SOLUTIONS MAHBN2506107911360 - 9008-NEFT/ RTGS CELL CNRB0451425 9948264604040,,MAHBN2506107911360,MAHBN2506107911360,,0.0,63554.0,244750.0,credit,Bank of Maharashtra,52401335283_000078,,False
6874988816602204,AISHWARYA MEHTA,PUNB0194660,10/06/2025,,NEFT/PUNBN2506102475350/S R K Enterprises CDCI CDCI,,PUNBN2506102475350,PUNBN2506102475350,,0.0,83931.0,457717.0,credit,Punjab National Bank,6874988816602204_000079,,False
52401335283,Rekha Yadav,MAHB0207246,11/06/2025,,52401335283:Int.Pd:13-03-2025 to 10-06-2025,,,,,0.0,282.0,245032.0,credit,Bank of Maharashtra,52401335283_000079,,False
6874988816602204,AISHWARYA MEHTA,PUNB0194660,11/06/2025,,6874988816602204:Int.Pd:13-03-2025 to 10-06-2025,,,,,0.0,381.0,458098.0,credit,Punjab National Bank,6874988816602204_000080,,False
